date,base_volume,quote_volume,trades,taker_buy_base,taker_buy_quote
2017-08-17,795.150377,3454770.05073206,3427.0,616.248541,2678216.40060401
2017-08-18,1199.888264,5086958.30617151,5233.0,972.86871,4129123.31651808
2017-08-19,381.309763,1549483.73542151,2153.0,274.336042,1118001.87008735
2017-08-20,467.083022,1930364.39032646,2321.0,376.795947,1557401.3337373
2017-08-21,691.74306,2797231.71402728,3972.0,557.356107,2255662.55315837
2017-08-22,966.684858,3752505.77214051,6494.0,423.995181,1637188.36934226
2017-08-23,1001.136565,4148686.46581968,8629.0,309.419092,1293567.09519463
2017-08-24,787.418753,3296476.41316476,6247.0,206.820412,868379.0641312
2017-08-25,573.61274,2484637.34936327,6554.0,100.097974,434577.13574645
2017-08-26,228.108068,977865.7333321,2260.0,56.190141,241363.80050245
2017-08-27,350.692585,1521580.06202557,3670.0,101.651358,442442.17937215
2017-08-28,603.841616,2591660.52579953,4349.0,142.787782,612364.20611134
2017-08-29,603.545028,2682483.73582991,4159.0,143.442567,641982.02068658
2017-08-30,808.468771,3683714.68666123,5551.0,196.062252,894620.23750883
2017-08-31,556.956802,2579878.72401184,4161.0,131.947325,614342.53390234
2017-09-01,560.666366,2665165.55924616,4000.0,118.660103,566254.43089734
2017-09-02,929.148595,4257723.944817,7475.0,379.199863,1738334.08541735
2017-09-03,691.216198,3121052.75230181,6022.0,258.934536,1169644.69159694
2017-09-04,1394.644614,5909947.49008974,9317.0,578.600851,2460362.61291664
2017-09-05,1228.938157,5083453.18675071,10084.0,533.476065,2214297.83961246
2017-09-06,807.363726,3626346.05544323,7956.0,422.923063,1903231.7409154
2017-09-07,500.429975,2305795.13638315,3070.0,240.683949,1111299.24357466
2017-09-08,1132.255046,4866527.22639337,4733.0,465.962119,2004277.28941755
2017-09-09,658.782952,2815383.46568698,3777.0,287.989805,1233627.00774409
2017-09-10,660.373275,2700371.80819211,3435.0,291.786887,1193884.03650449
2017-09-11,699.989065,2956842.76250147,4228.0,322.19833,1361869.71324406
2017-09-12,879.630319,3725190.62328952,6501.0,451.78067,1911015.26637066
2017-09-13,913.462545,3570365.92571669,5019.0,363.053413,1425986.44091325
2017-09-14,1665.021543,5914261.40460825,9066.0,761.153976,2711572.43635069
2017-09-15,1968.866492,6588767.18669446,10445.0,966.122245,3236325.66838306
2017-09-16,1297.563953,4804878.24721283,8809.0,624.887842,2314536.03271908
2017-09-17,682.17121,2466490.27859466,6355.0,273.931976,994843.63045949
2017-09-18,1030.006455,4069033.05715863,8220.0,417.638722,1651863.37125876
2017-09-19,902.332129,3558315.19743872,7342.0,257.320352,1016803.88177532
2017-09-20,720.935076,2839584.45308804,7231.0,395.275138,1562210.14983916
2017-09-21,1001.654084,3757043.07821264,8714.0,517.258926,1946238.63873747
2017-09-22,838.966425,3031771.43292849,8152.0,511.059869,1848104.61254174
2017-09-23,752.792791,2799706.99951511,8402.0,431.94671,1608679.14327472
2017-09-24,661.63639,2445788.43620041,8724.0,290.93917,1077964.32638088
2017-09-25,727.994713,2784170.85318322,9740.0,298.839159,1144089.17964881
2017-09-26,526.727987,2061195.57868009,7971.0,225.570283,883925.0185633
2017-09-27,628.170966,2554629.81447101,8373.0,348.083641,1418522.03112125
2017-09-28,849.785325,3553178.87037354,11426.0,364.517452,1525467.35780567
2017-09-29,1602.309565,6571746.35900076,14834.0,660.408235,2706153.81551434
2017-09-30,720.353183,3088354.40084536,9324.0,292.966693,1258540.22252994
2017-10-01,726.963685,3137143.89184457,9816.0,291.975904,1263465.86667018
2017-10-02,655.756974,2905282.77570845,8185.0,289.541406,1286786.89051625
2017-10-03,1082.323563,4627422.74283879,12379.0,492.735181,2107462.11039911
2017-10-04,868.465101,3676415.10054891,11006.0,292.928777,1237552.36930596
2017-10-05,779.138638,3295532.82397779,9158.0,351.042019,1483036.83360606
2017-10-06,506.529176,2212035.12414239,6546.0,226.148177,988106.60264063
2017-10-07,297.5975,1302533.21459281,4804.0,145.313076,637146.85809303
2017-10-08,518.462004,2347356.46944654,7580.0,280.094854,1268660.82999198
2017-10-09,646.463145,3040508.90436387,10372.0,350.756559,1654274.63749423
2017-10-10,1043.221773,5044283.86347582,11967.0,678.832674,3289613.76073974
2017-10-11,753.429396,3609240.90903919,5895.0,540.087975,2586977.71897445
2017-10-12,1276.701482,6659759.29119366,8030.0,796.594719,4149667.59915114
2017-10-13,1879.82762,10597340.30104987,11663.0,878.638077,4945786.36371635
2017-10-14,970.759046,5533972.4859947,6259.0,433.794904,2472775.20446234
2017-10-15,1343.523375,7553650.20132813,7452.0,601.422361,3384776.70651666
2017-10-16,1528.996462,8701914.79553535,9153.0,719.218538,4096285.84717841
2017-10-17,1429.869376,8041662.31881055,9755.0,688.766779,3874630.11789208
2017-10-18,2317.804373,12456909.97604373,14824.0,1039.622475,5582555.96464678
2017-10-19,1881.722107,10609368.77338359,11553.0,866.172234,4889254.26776489
2017-10-20,1972.97722,11486552.1888066,11656.0,833.037457,4827682.43818362
2017-10-21,1664.307693,10114821.44026351,10182.0,796.022575,4842552.09005084
2017-10-22,1362.092216,8035415.37335629,8846.0,559.072342,3298113.25431534
2017-10-23,1812.557715,10607190.98072695,10736.0,733.791079,4292971.67402233
2017-10-24,2580.418767,14564495.85056032,13075.0,1128.826117,6369508.22114772
2017-10-25,2282.813205,12544847.89154201,12026.0,1102.091326,6072831.20164732
2017-10-26,1972.965882,11417126.63602561,11429.0,779.739997,4524676.60186949
2017-10-27,1403.706416,8167069.73635031,8305.0,624.087409,3639525.74476665
2017-10-28,1276.754412,7308076.01911184,8556.0,522.437128,2992463.28829385
2017-10-29,1804.778173,10620967.62459168,10651.0,954.170196,5607341.71306722
2017-10-30,1473.687043,9030219.28673499,9027.0,568.13297,3484470.96871416
2017-10-31,1511.774925,9487640.8400991,12503.0,666.763568,4189144.86604943
2017-11-01,1675.615188,10951171.07254041,16775.0,681.762424,4456444.95893702
2017-11-02,2503.610803,17369001.33091877,20222.0,1152.043042,8002005.80575711
2017-11-03,1891.497592,13614451.74654126,15375.0,790.186344,5689002.21482195
2017-11-04,1399.191767,10064538.39659038,13395.0,638.387268,4597312.95311455
2017-11-05,1207.83233,9000403.86573288,11090.0,540.675195,4027338.87761942
2017-11-06,1763.019261,12673524.6216398,13525.0,730.003787,5258426.96569148
2017-11-07,1440.259494,10173272.33780804,13132.0,591.187992,4181187.39303234
2017-11-08,2822.298802,20491286.19840822,24381.0,1291.344472,9394534.42380506
2017-11-09,1913.398308,13798534.34721742,13818.0,724.154878,5221300.62862515
2017-11-10,3254.704105,22083345.18396158,18889.0,1565.261439,10594456.21115611
2017-11-11,2754.156861,17681445.46474999,17840.0,1127.476148,7260382.61767693
2017-11-12,4968.483069,29711508.60084671,31069.0,2267.410744,13607604.41635319
2017-11-13,2621.243039,16498136.09913936,16165.0,1299.996919,8190123.54546063
2017-11-14,1254.292531,8168729.97122799,10476.0,612.136202,3991112.7307127
2017-11-15,1779.605845,12446186.45092821,10313.0,958.59199,6705958.0325874
2017-11-16,2331.95675,17499577.25815967,14961.0,1196.410717,8973214.5702364
2017-11-17,3982.395925,31024092.61951179,22012.0,1910.208237,14893068.96849563
2017-11-18,3954.266477,30334498.31525712,18383.0,1891.340324,14512569.88845333
2017-11-19,3867.340444,30322635.7689457,14897.0,2097.613346,16448877.84771707
2017-11-20,3886.634348,31567135.38731295,20101.0,1816.366339,14741452.72913412
2017-11-21,4544.474016,37074997.58090905,20798.0,2222.291215,18131894.11366924
2017-11-22,3545.00571,29124078.47217724,14752.0,1823.860374,14992767.17647145
2017-11-23,4093.952687,33400702.99957629,16625.0,2163.755131,17665030.24869222
2017-11-24,4411.789112,35840264.45804051,19754.0,2166.425275,17613353.73937526
2017-11-25,4292.623682,36093005.20140187,18632.0,2294.9233,19306904.20494265
2017-11-26,4147.380237,37138533.83941873,19268.0,2035.291755,18226481.88953511
2017-11-27,4521.625707,42961064.95202934,22806.0,2433.447575,23145323.64948013
2017-11-28,4917.210985,48235644.0576554,18923.0,2431.138502,23851135.77284698
2017-11-29,13352.538715,135976167.45757934,47894.0,8662.632362,88423971.28943045
2017-11-30,9389.574329,91430904.34116387,41153.0,5360.660242,52384338.03597776
2017-12-01,6134.923633,62260697.58291551,32375.0,3269.868588,33193672.16592109
2017-12-02,4765.439757,52046689.84006951,29694.0,2390.194275,26111051.97904352
2017-12-03,5346.636524,60350708.29332783,39335.0,2574.246187,29090180.16290429
2017-12-04,4663.424562,52814985.63993067,32232.0,2516.855031,28512751.47162289
2017-12-05,5550.732055,64721253.04527842,31317.0,3135.630565,36570499.65542363
2017-12-06,6707.946319,84409526.69576178,40196.0,3830.098381,48223185.56586906
2017-12-07,7487.065695,109555325.34649764,57541.0,3931.041376,57501459.77355417
2017-12-08,17589.013136,271586476.6191431,84727.0,11950.291812,184080403.13797045
2017-12-09,13918.758687,205372672.98786432,66738.0,7988.323023,118308773.57971704
2017-12-10,16553.037173,233767963.46201488,80669.0,8736.869344,123176894.48606697
2017-12-11,11820.401762,193045127.9036004,71373.0,5905.234633,96386375.05815984
2017-12-12,9436.802411,155716213.09834388,76032.0,4395.051525,72561808.35535774
2017-12-13,12416.328801,196769674.3115306,83847.0,6127.957739,97124627.48575148
2017-12-14,11616.867151,186092495.1834846,86150.0,5999.075173,96150362.10506035
2017-12-15,9181.273947,159809704.04408672,85478.0,4712.5784,81924043.94046211
2017-12-16,4202.628709,76293721.36508314,51777.0,2308.847163,41958921.17812987
2017-12-17,9177.183434,175867439.47045138,84581.0,4197.960835,80497172.92855518
2017-12-18,10624.633071,196339245.74519795,91956.0,4690.302146,86666689.06405357
2017-12-19,13210.74822,232790625.92336664,116569.0,5740.506184,101134115.9201646
2017-12-20,13450.496693,221193892.5022389,129762.0,5732.664035,94404363.82531904
2017-12-21,20324.2173,320176825.29037607,117731.0,11672.760789,184537677.7923892
2017-12-22,36076.271175,477509934.7182865,243261.0,17556.682449,233435309.648319
2017-12-23,13141.538875,184759685.33206663,135005.0,6547.667326,92098774.4608775
2017-12-24,28557.534988,365709589.60302895,173557.0,15365.113545,196993097.07332075
2017-12-25,15748.207607,213139657.6289145,116416.0,8834.650938,119703848.85962638
2017-12-26,15034.668104,224843731.8965689,133133.0,8436.171298,125842113.78661472
2017-12-27,14959.864723,231229932.4820405,142202.0,7843.419761,121346099.97221792
2017-12-28,21717.858014,303401227.98652,178032.0,11431.787691,159795892.05003202
2017-12-29,18072.008116,260911629.2180768,142100.0,10502.69575,151673949.96207923
2017-12-30,19221.158039,247803953.75248587,190204.0,9530.51786,123372468.27892075
2017-12-31,11768.989718,155283285.36704132,138893.0,6085.523277,80277167.6252944
2018-01-01,8609.915844,114799747.44197056,105595.0,3961.938946,52809747.44038045
2018-01-02,20078.092111,279717107.4337192,177728.0,11346.326739,158080088.68331683
2018-01-03,15905.667639,236116868.3361901,162787.0,8994.953566,133587333.24534808
2018-01-04,21329.649574,312781583.79830784,170310.0,12680.812951,186116793.0115893
2018-01-05,23251.491125,369321956.4868375,192969.0,13346.622293,211829900.67898223
2018-01-06,18571.457508,309216920.98641044,158242.0,11007.164056,183417769.0623772
2018-01-07,12493.125558,206194706.37068352,120269.0,6779.320508,112151163.1274352
2018-01-08,26600.609912,396569997.15746266,208642.0,13756.844389,206049582.13668823
2018-01-09,14315.004253,210630187.45766863,156656.0,6841.233287,100698572.9000214
2018-01-10,17411.001655,244011366.763028,161476.0,8529.554675,119570139.8064535
2018-01-11,33554.723751,446587594.6937379,239416.0,16422.01998,218762237.37910992
2018-01-12,16417.162137,222516076.27145907,134452.0,8117.312075,110040020.181478
2018-01-13,12221.508528,173086488.54788405,123639.0,5574.178408,78958098.9463857
2018-01-14,17017.894329,226525305.1293811,152364.0,8288.382911,110381556.67259862
2018-01-15,14652.094705,200614554.538343,145362.0,7431.063272,101748315.63707082
2018-01-16,63401.169175,722150828.1494025,418243.0,30353.401717,346777069.93374634
2018-01-17,72331.796646,744154180.1312059,517293.0,35412.798137,365047291.4303791
2018-01-18,48464.434937,541289614.0584046,393112.0,23814.382845,266091805.66522688
2018-01-19,34129.375421,382773499.2265792,273271.0,16871.416355,189259676.89222243
2018-01-20,28768.857827,358561107.78097045,251647.0,14389.196005,179183657.90470728
2018-01-21,41379.773426,485289230.8188924,360207.0,20574.760061,241154449.9818349
2018-01-22,43752.606791,475716514.208697,363264.0,21300.575828,231677479.125622
2018-01-23,37473.922552,399419413.2329807,355286.0,18747.793828,199899519.2732997
2018-01-24,27158.587762,299470607.4302002,293429.0,13087.393088,144335221.62540218
2018-01-25,20839.954183,236081364.9736523,221040.0,10201.386919,115584688.24733494
2018-01-26,33056.87196,360482470.1737543,314720.0,15330.789553,167328952.39330244
2018-01-27,18860.768345,212663199.53348225,207478.0,9208.937963,103935891.79616304
2018-01-28,16887.339524,200211582.9434541,206247.0,7342.786997,87011013.8320475
2018-01-29,14170.377538,162110154.87880376,169199.0,6016.496871,68819972.52308752
2018-01-30,25554.372946,268978329.50861526,259212.0,11388.096419,119864289.07103088
2018-01-31,18015.956805,181644207.1131626,201422.0,8782.584442,88609272.64228792
2018-02-01,33564.764311,317636345.9843711,316020.0,15430.003849,146130725.8704748
2018-02-02,49971.626975,434236483.7044874,453411.0,23113.503584,201292749.5150992
2018-02-03,28725.000735,256834729.0599109,327519.0,14182.838146,127068644.49604894
2018-02-04,32014.308449,274912288.421322,356134.0,13805.29579,118884553.20936234
2018-02-05,63403.182579,471166218.7134473,533510.0,29857.35839,222022401.0169236
2018-02-06,100201.500307,684364276.3666689,785996.0,49565.020794,339117633.4088549
2018-02-07,60778.460497,477935038.81177694,514893.0,30084.836266,237137973.4531389
2018-02-08,1521.537318,11770168.04386595,12417.0,844.258813,6532638.63751892
2018-02-09,20482.910825,173348469.81187892,273091.0,10404.040792,88117562.12096503
2018-02-10,49381.512653,423411421.93098,537578.0,24506.723294,210253734.3806545
2018-02-11,45025.187952,366966437.2498885,524626.0,23180.34192,188849914.3499584
2018-02-12,41987.85049,362440826.9943769,477660.0,20916.949742,180528457.55458465
2018-02-13,35454.972956,305165143.6969234,401893.0,16558.45568,142530987.43930227
2018-02-14,40811.952867,370126692.728233,514897.0,20508.463444,185896385.02591053
2018-02-15,52427.596715,512388484.73178285,608349.0,25805.098892,252255267.8835685
2018-02-16,38161.205974,381103299.2238848,405310.0,18313.004466,182947133.88868245
2018-02-17,41882.108407,446012696.1692672,413585.0,21147.624789,225229265.7256356
2018-02-18,61137.380728,649423311.3100227,537534.0,29593.863774,314511909.4893312
2018-02-19,40831.417131,443766562.68306607,366882.0,20619.877129,224193685.4379528
2018-02-20,48153.354288,551573232.2429588,432197.0,24211.49181,277480902.0141192
2018-02-21,68113.818754,731537130.4921861,542340.0,32338.074002,347436564.666544
2018-02-22,67060.166483,682006373.869588,506273.0,33029.297624,336067441.6325065
2018-02-23,57202.70237,571800753.4709765,467480.0,28031.011368,280171693.0729712
2018-02-24,40888.156299,405618586.64803785,337918.0,18646.870961,185164883.4517175
2018-02-25,28373.517586,271286599.1260862,233567.0,13956.661533,133525539.44882146
2018-02-26,34878.292756,347559259.73845184,285276.0,17045.768706,169936003.38761607
2018-02-27,30705.385123,324295371.1414657,240542.0,15187.083738,160450471.4557678
2018-02-28,30800.983782,327914696.13067526,277886.0,14412.84633,153537202.10196504
2018-03-01,25092.55393,268172535.3811293,230428.0,12785.4045,136788817.23158327
2018-03-02,23910.71009,262936307.0078576,211691.0,11893.333632,130864918.8230748
2018-03-03,21287.15328,241749497.9024717,190444.0,10842.682784,123142920.22314858
2018-03-04,17295.918653,194849579.1250208,168359.0,8197.401595,92437014.46393472
2018-03-05,15144.231063,174866951.39806527,164318.0,7668.823714,88588986.3365785
2018-03-06,29515.572363,323842216.64859617,250306.0,13482.297196,147874120.62232068
2018-03-07,50647.67108,514808033.4879209,396721.0,24022.451231,244164771.36009568
2018-03-08,41109.473226,394641280.63843673,336514.0,20257.455838,194608716.9350392
2018-03-09,64112.291407,567082901.1319405,462712.0,31166.414848,275735446.01075995
2018-03-10,37180.012857,341210248.41481787,288066.0,17639.827276,161991786.13432977
2018-03-11,44325.973386,403491260.9275316,333367.0,21150.206944,192897625.6114657
2018-03-12,42230.77793,395562731.8650373,336642.0,19369.697756,181454623.85622355
2018-03-13,40191.409358,367353984.7132836,342734.0,19856.457047,181534440.7752947
2018-03-14,49708.094108,426058009.75594646,399127.0,22883.329725,196344166.24842268
2018-03-15,52291.022277,422130717.47310126,400529.0,26414.160251,213358245.6744019
2018-03-16,38815.409893,322355002.1651949,255807.0,20049.433993,166563494.40168038
2018-03-17,33110.206329,265973111.6176285,292041.0,15677.257361,125987772.43325073
2018-03-18,59488.231711,458311733.5188204,423336.0,28216.510794,217530802.6198248
2018-03-19,55297.084942,462654338.9821279,360414.0,27263.324764,228208487.5469021
2018-03-20,44865.105835,387879393.4706143,298261.0,22849.035238,197422831.30082303
2018-03-21,39972.405371,358157473.3612324,293696.0,19047.486799,170758402.39723507
2018-03-22,40617.556809,354804129.3433086,276449.0,19567.563618,171050710.21250018
2018-03-23,39991.007666,340755592.544531,278571.0,20106.789387,171487640.92907605
2018-03-24,35466.609572,313254829.9051367,270300.0,17302.10809,152967779.86486968
2018-03-25,29001.769316,247023172.30795503,215660.0,14379.264362,122528263.982816
2018-03-26,44033.59566,358429758.87319523,310462.0,20957.25692,170723432.32235476
2018-03-27,37427.64805,297609656.44043654,266540.0,18462.382105,146860645.03540614
2018-03-28,26401.33167,209186093.1831796,183620.0,13685.417143,108484584.61222105
2018-03-29,54620.915125,405591158.6323181,359537.0,24584.811548,182402558.2111396
2018-03-30,65306.031976,450352009.170998,400057.0,31944.390579,220453635.6071132
2018-03-31,36868.539087,258341534.47236216,240293.0,19086.033607,133763988.34700295
2018-04-01,44071.430463,297470498.81956285,260942.0,21899.30066,147951173.82212943
2018-04-02,32123.560072,224322159.41331607,206780.0,16365.683591,114292405.85810466
2018-04-03,37787.331811,277080072.7617128,248143.0,19218.850485,140892233.113676
2018-04-04,42227.183804,297443582.7461225,277249.0,20299.402203,142890978.60995668
2018-04-05,39029.73146,263446941.1321242,238476.0,18991.102712,128270766.86646058
2018-04-06,27455.01192,182139799.80865908,162456.0,13778.063462,91424043.79892384
2018-04-07,32269.578267,222323863.54144785,178577.0,16460.736226,113334533.85269152
2018-04-08,21427.673165,149967346.66268998,152461.0,11211.615946,78468498.47255658
2018-04-09,34078.297206,234309953.75033435,212669.0,17046.428596,117289580.04655164
2018-04-10,22326.728095,151417844.2663968,147755.0,11456.447936,77704393.55925176
2018-04-11,23997.871177,165264003.41270605,155607.0,12530.65891,86309556.51736282
2018-04-12,64861.595987,485176252.4893357,404588.0,33198.867785,248243486.4673706
2018-04-13,55044.523148,439884522.7119489,351905.0,27485.083044,219615109.06229925
2018-04-14,31621.286357,252868761.3206163,194500.0,16283.466045,130249061.31563611
2018-04-15,27946.720444,230287099.5843022,181778.0,14619.464101,120469031.17164706
2018-04-16,36664.069715,295817536.4749528,226748.0,17912.938455,144490340.31244087
2018-04-17,32152.603567,258221765.57371348,221228.0,15662.79502,125845498.64315926
2018-04-18,26969.04457,217649160.1101789,183472.0,14559.152289,117565317.94569089
2018-04-19,27113.847464,222675105.7884542,196821.0,13747.595928,112939221.70278835
2018-04-20,39795.337485,337288580.42571294,289687.0,21087.903673,178802594.3551453
2018-04-21,40872.229909,358915978.1040339,295374.0,21145.842391,185753264.88447425
2018-04-22,29458.25348,261804372.9093471,229871.0,14937.899116,132830238.35538778
2018-04-23,25838.114709,229754640.59668776,190944.0,13246.605059,117823053.82786416
2018-04-24,46268.790106,431210048.0625035,326608.0,24784.71044,231061865.2931042
2018-04-25,81110.037589,745137762.968867,477363.0,38824.013806,356851505.69270617
2018-04-26,43300.304245,385046648.1378661,285850.0,22640.669137,201458888.2401515
2018-04-27,37241.347036,342805674.55176014,268471.0,18517.604275,170503662.7235787
2018-04-28,34759.62842,321653866.2001887,257288.0,18251.631451,169069669.9073968
2018-04-29,38149.850035,357004895.9636863,311494.0,19364.945182,181366653.81958613
2018-04-30,35002.033875,325019389.2499412,285951.0,17461.189029,162179073.43816054
2018-05-01,41018.463633,368688349.62168455,268741.0,20050.167844,180200005.01268
2018-05-02,26123.543961,238421833.7581133,188258.0,13960.455528,127439644.78329857
2018-05-03,38768.388288,366028365.2271445,282581.0,21093.140343,199234352.40239447
2018-05-04,28681.588879,277565997.63316435,210165.0,14779.499554,143070410.02237806
2018-05-05,24990.018345,246807563.50646493,212076.0,13011.844293,128527642.99648473
2018-05-06,27690.351559,267359420.3035901,229309.0,13297.506959,128427770.52523224
2018-05-07,33787.640012,316015961.44182944,230754.0,15818.0488,147985335.4458844
2018-05-08,25533.831889,236418155.6869351,189159.0,13086.547467,121220083.42296956
2018-05-09,25673.524899,235736782.28825977,192337.0,13597.268159,124869560.73820227
2018-05-10,25055.063718,231595002.59561664,221075.0,12548.13816,116002381.57104652
2018-05-11,48227.048061,418859806.4816156,365538.0,22767.458667,197915875.7459889
2018-05-12,40241.32081,337899865.8601307,310305.0,19545.974195,164142437.4195177
2018-05-13,25632.869362,219455683.0803555,215590.0,12797.047912,109577063.5715992
2018-05-14,37389.666533,320583612.23009104,292731.0,18408.055641,157869523.76782727
2018-05-15,28126.956136,242341031.0616692,360379.0,13977.497647,120464422.6243128
2018-05-16,31130.718908,257056552.4300756,300842.0,15627.101368,129113378.7751384
2018-05-17,25439.844799,209489039.34104192,310780.0,12489.264499,103022237.7732931
2018-05-18,23476.158251,189870380.8577869,183913.0,12352.9627,99971085.72894707
2018-05-19,17193.424276,141878775.40909582,134185.0,8731.948551,72082928.16544355
2018-05-20,19957.057109,167440553.7493928,161265.0,10632.450955,89177519.97189689
2018-05-21,21516.596486,181750674.8213496,184158.0,10738.686399,90716245.79029092
2018-05-22,23710.902858,194335432.4375409,192154.0,11801.527076,96803604.56147256
2018-05-23,42910.666774,331238049.6407461,306812.0,20890.889274,161412820.79758897
2018-05-24,37845.446595,284286378.50810045,253694.0,19012.981252,142901418.78045785
2018-05-25,26739.95664,199749585.9695036,239025.0,13830.870235,103360633.04654914
2018-05-26,19464.086071,145636226.4590289,212344.0,10377.955643,77725757.25385071
2018-05-27,18706.945515,136710618.49801704,198341.0,10258.276953,74990830.63101184
2018-05-28,27219.438963,196788994.2658081,233392.0,14409.48781,104233730.17813648
2018-05-29,39407.21183,288070643.9128678,237359.0,21855.93031,159656478.1426219
2018-05-30,32041.583623,237956894.0494904,242079.0,17205.948916,127816792.77222247
2018-05-31,30776.063102,231017579.8341327,274399.0,17009.013231,127645145.71489055
2018-06-01,28259.124078,211458512.1230823,303069.0,15701.205431,117516855.67846663
2018-06-02,26720.690219,203370447.6906526,290131.0,15540.051124,118295998.95554544
2018-06-03,27505.158951,211737376.85348508,349636.0,15760.910668,121340420.79636246
2018-06-04,32258.835115,244167051.18701583,307003.0,17730.335818,134226423.79685757
2018-06-05,31722.973384,237722147.65258065,236865.0,17315.688399,129807510.9227184
2018-06-06,27229.991898,207006657.7801965,257573.0,15071.587869,114621117.15696232
2018-06-07,25062.227202,192949056.8419996,244186.0,14415.555201,110989280.27224816
2018-06-08,23396.804671,178204158.39968467,321734.0,13038.958337,99303699.20240831
2018-06-09,19339.885176,147171153.412775,278971.0,10653.462123,81075317.67777646
2018-06-10,52342.020032,367338754.56308055,471088.0,25976.246666,182618941.7599088
2018-06-11,34552.162303,233056682.85777125,203442.0,18716.667057,126255580.927273
2018-06-12,36722.211191,245787800.8012235,224658.0,19299.735508,129341137.97553147
2018-06-13,46185.5181,295395681.6623412,266517.0,25367.243359,162375277.43848026
2018-06-14,44478.130837,289074808.7841299,256384.0,23838.218565,154927680.45566282
2018-06-15,30018.329905,196192096.14553952,184938.0,16192.452447,105856682.82114992
2018-06-16,22277.241147,143760033.69408152,140470.0,12750.635784,82290350.53863607
2018-06-17,19847.247688,129120718.76299886,129759.0,11208.656933,72949865.16298054
2018-06-18,31821.434995,208570443.9599789,180773.0,17674.592693,115843959.76406445
2018-06-19,24311.421143,163420093.794135,160490.0,12849.740659,86385611.9854134
2018-06-20,26359.752452,175935335.65057912,166074.0,13647.933531,91142872.89139906
2018-06-21,25428.854048,171149859.23602843,159783.0,15152.496274,101995867.72331426
2018-06-22,52157.370833,327460666.91451645,300515.0,25336.720438,158994318.27114403
2018-06-23,26622.788589,162755765.84514263,170164.0,15110.741399,92413061.16412096
2018-06-24,47445.998955,284095336.0578902,275996.0,25966.417247,155558130.88157263
2018-06-25,39164.515306,242859915.8036461,218384.0,21986.057384,136305269.99012783
2018-06-26,19377.240484,119676555.56449406,113431.0,9824.659592,60710073.42453224
2018-06-27,19225.671098,117103011.80356832,99481.0,10381.014136,63236432.02491027
2018-06-28,30585.266026,185247010.87925187,156241.0,16422.378159,99598694.73730522
2018-06-29,33911.287278,201409363.91549844,212542.0,18727.192128,111291346.32526273
2018-06-30,37919.61284,241568568.0310778,230915.0,20036.025726,127666717.38353091
2018-07-01,27562.965974,175096501.49486908,183060.0,15580.033848,98972791.71265252
2018-07-02,36230.452264,235524330.64865336,242589.0,18966.910907,123205676.19274496
2018-07-03,38657.781691,254550438.1376888,232914.0,20503.625399,135047837.81678846
2018-07-04,23571.892777,156277884.33011597,146203.0,12244.070908,81263604.85511883
2018-07-05,35071.972898,230809190.3074052,216533.0,19214.780702,126481460.0087366
2018-07-06,29397.094748,192230903.67599213,193854.0,16292.945157,106560209.09449027
2018-07-07,23973.876886,158034155.17779142,145449.0,12894.823579,85004234.47737303
2018-07-08,24622.947794,165941351.79836008,145349.0,13146.632642,88613261.77225646
2018-07-09,26732.40655,179250573.66648534,147315.0,14384.135477,96490394.6402318
2018-07-10,38560.672702,249099760.1897497,189913.0,19261.135859,124490444.6988554
2018-07-11,28715.498487,182357469.0280709,151869.0,15667.909412,99524638.10405175
2018-07-12,31306.663348,194325733.7875043,150985.0,16067.766611,99754110.04002684
2018-07-13,26375.325286,164467999.80925834,144757.0,13191.157016,82276362.81213073
2018-07-14,17783.071999,110959488.24719918,108052.0,9833.313029,61362055.0050005
2018-07-15,22979.211508,145409822.7448766,114997.0,13590.240175,85970280.535022
2018-07-16,36204.87708,237104112.4504954,201733.0,20149.634808,131922164.85268562
2018-07-17,52105.423459,364669305.0369064,276178.0,28049.11657,195977152.69184417
2018-07-18,59487.64345,440669913.2083524,327949.0,31196.382316,231133137.3680125
2018-07-19,41218.256437,305198281.1394862,235597.0,22682.956421,167927663.73101327
2018-07-20,46140.313447,342862693.0959096,251391.0,24006.584622,178428687.4942052
2018-07-21,28886.490291,212126417.2287315,164901.0,16427.382562,120688066.37566295
2018-07-22,30270.21844,225619234.83744207,144711.0,17086.758292,127390550.71923564
2018-07-23,41646.346671,320156546.58240986,219776.0,22756.449926,174955411.03556776
2018-07-24,60121.163749,487117211.6818982,326329.0,32980.508325,266991169.60952124
2018-07-25,48257.649124,398119757.8038501,277935.0,25447.806526,209867505.7687837
2018-07-26,43223.481682,352101207.6799552,235681.0,22366.994995,182431837.4994889
2018-07-27,43671.005891,350881696.75270694,227397.0,23168.935319,186142745.1886693
2018-07-28,26215.173839,214357817.0314018,144170.0,13976.708689,114326656.22009628
2018-07-29,25531.226185,209564023.05224952,144331.0,14226.697109,116797668.8754396
2018-07-30,39692.416542,321599782.180698,206911.0,20676.100069,167753771.91739196
2018-07-31,48296.915587,379841367.20240223,239132.0,24273.184891,190885799.45286345
2018-08-01,42582.312932,322252070.44348675,208008.0,22159.785618,167734477.27458394
2018-08-02,37665.696684,285656680.7015636,175627.0,21216.838126,160971512.85409075
2018-08-03,44669.486047,330599837.7285522,226727.0,23397.041835,173144499.51146755
2018-08-04,36288.42601,262282965.48573315,199335.0,17770.555156,128601932.84105054
2018-08-05,32894.849782,229992627.52322164,148658.0,18335.956341,128216222.18516617
2018-08-06,32760.191643,229071781.1153667,177378.0,17486.151576,122304301.71216844
2018-08-07,45438.473501,316365882.1031662,247202.0,24012.696862,167343592.15417215
2018-08-08,59550.536319,382460776.49398136,305603.0,30204.484969,194091707.7978788
2018-08-09,51941.185111,332880900.89059937,248573.0,28290.848883,181381407.1101644
2018-08-10,59034.974902,374699380.9484915,289661.0,31034.532468,197214827.2919826
2018-08-11,47133.418555,291056267.0892287,236173.0,26083.971425,160978348.30636576
2018-08-12,38567.770712,243227298.8794272,190399.0,20954.747314,132190051.41706526
2018-08-13,53895.828783,341552293.0073001,239602.0,29517.276269,187178430.2802032
2018-08-14,50186.745091,303179556.3624503,252004.0,25530.653498,154285607.85051605
2018-08-15,68806.687026,439109005.4034304,329413.0,37144.042168,237077628.52971667
2018-08-16,48515.254618,307755605.1624039,228942.0,26023.549007,165123672.3296188
2018-08-17,57851.610803,374472431.7235812,296730.0,32407.884552,209831423.4286213
2018-08-18,53742.322172,345964004.3657212,276121.0,29469.810485,189808853.55518275
2018-08-19,45190.847994,289271954.55326533,190758.0,25368.613272,162405728.97807813
2018-08-20,49435.55526,317617945.7492608,237055.0,26468.017091,170185693.09984115
2018-08-21,41569.947408,265458342.7817206,180578.0,23219.823973,148276323.26185247
2018-08-22,77909.391359,512501182.2029021,326562.0,40431.002002,266272244.801362
2018-08-23,40358.166825,259786384.55491504,187637.0,22134.603236,142492145.48212314
2018-08-24,38305.675322,251513064.47447148,180167.0,21280.935824,139769204.2073669
2018-08-25,19220.505929,129083702.47542232,122483.0,9829.849484,66019304.90679335
2018-08-26,20107.297208,134117930.3957502,130769.0,9897.250377,66041984.74840774
2018-08-27,37747.078747,254214730.3171242,205441.0,21458.101843,144536972.8579014
2018-08-28,48352.917163,338220284.2901657,252033.0,26495.589966,185343334.34057817
2018-08-29,43252.487392,304565438.4850058,223772.0,23716.20275,167062558.37522662
2018-08-30,44716.77462,309357226.58362526,230848.0,24453.041781,169234472.84231016
2018-08-31,40467.400638,282722730.0613195,203142.0,21668.412208,151377811.89247838
2018-09-01,40323.414093,287299347.7691456,217286.0,22552.716145,160667815.7528499
2018-09-02,39814.840352,288526018.71327895,210282.0,22422.52063,162523675.69236815
2018-09-03,32396.018371,235393601.4251404,173846.0,16914.880588,122917873.88750283
2018-09-04,35300.640518,258978411.27108595,183178.0,19983.177591,146619387.998844
2018-09-05,63715.256267,449463489.0579975,308813.0,31531.579021,222719950.6844256
2018-09-06,60644.464227,390391932.2091176,280845.0,32332.549533,208137324.51688048
2018-09-07,38906.28805,250716129.9051897,194451.0,21463.035571,138344836.356928
2018-09-08,38215.032171,241711345.37120345,180831.0,19615.084193,124201124.4482174
2018-09-09,37053.92382,233583450.1054205,176709.0,20804.78067,131143409.64187042
2018-09-10,32439.456432,204178349.9698747,165286.0,18454.695984,116171984.1646136
2018-09-11,33104.88859,208346648.80045936,173335.0,18417.973606,115940661.5120764
2018-09-12,31433.645939,197398009.01256663,165590.0,17211.99689,108098184.76419269
2018-09-13,40465.063107,260985165.19184464,215637.0,21685.302869,139897583.37583557
2018-09-14,37173.339277,241466662.6480057,198375.0,19926.092246,129446503.53889132
2018-09-15,25243.656612,164557841.0798692,141362.0,13631.32786,88868550.64006232
2018-09-16,27568.132897,178614079.15149954,145921.0,15277.360294,99017939.4839293
2018-09-17,35987.254738,228970700.7504221,196924.0,18132.460484,115435845.03181572
2018-09-18,32620.86667,205736329.40707865,169055.0,18134.695327,114376447.08866696
2018-09-19,39044.080082,247455364.5237956,198215.0,21198.526375,134463617.32427764
2018-09-20,25189.024728,161844271.63360685,153686.0,13565.498887,87206867.75902455
2018-09-21,51779.343463,345746941.99998635,292494.0,28398.418773,189708795.74198133
2018-09-22,29349.690667,197210670.8919785,145720.0,16554.964632,111254665.99411064
2018-09-23,30286.229773,203479219.3864065,168354.0,17052.636547,114584135.91268952
2018-09-24,35305.73991,234355999.54311827,185297.0,18662.448471,123915474.8670641
2018-09-25,40301.029452,258927200.8310643,219965.0,21316.072862,136948219.4725573
2018-09-26,33484.54207,216859675.30134344,184238.0,18833.139688,121969834.649462
2018-09-27,33087.428297,216914853.24175176,182590.0,18395.789811,120651951.00860988
2018-09-28,42399.448523,283144987.5042306,211849.0,23688.506549,158267801.16155452
2018-09-29,30255.9597,198424303.60660565,171027.0,16037.032751,105227105.4169398
2018-09-30,27764.724519,183438992.37719536,153447.0,15201.004317,100438551.14193349
2018-10-01,20621.506894,136115256.96830678,129733.0,11063.811859,73056146.10206315
2018-10-02,28245.810088,185725492.2802391,147274.0,15115.821022,99418910.24218991
2018-10-03,28451.969138,184622957.0249073,150607.0,15296.711506,99276382.4347858
2018-10-04,20074.300818,132348680.67600606,96824.0,11077.852512,73043810.82721473
2018-10-05,16096.552392,106264514.65757656,86701.0,8593.749956,56749217.58541545
2018-10-06,10939.505391,72247942.41429408,62065.0,5212.866094,34437347.9568216
2018-10-07,17406.831762,114489082.75364278,82844.0,8768.20828,57668448.4121986
2018-10-08,23123.419541,153704602.4302414,135156.0,12334.914967,81982575.94542176
2018-10-09,15354.779469,102115186.42882323,101956.0,7606.922999,50595009.05115302
2018-10-10,15390.661444,101609680.88217255,99789.0,6819.654895,45031596.85703905
2018-10-11,48712.400332,308153124.4458242,253224.0,24435.254184,154456787.9738591
2018-10-12,29004.071419,183030273.0112748,148077.0,15890.432857,100299391.3204982
2018-10-13,19098.070025,120728650.99596693,108981.0,9423.156468,59568245.33199458
2018-10-14,15627.411314,99527294.08483064,96113.0,7127.368587,45405725.82626989
2018-10-15,90748.031246,627984505.5555729,456913.0,47214.804053,326438267.175792
2018-10-16,27557.957764,186122772.22286084,175075.0,14204.011904,95928783.40007886
2018-10-17,26641.431379,179641733.16423723,158746.0,13752.475923,92735373.87392446
2018-10-18,20116.521941,134777360.1544343,138002.0,9735.654593,65252041.08921054
2018-10-19,20772.60077,136686215.6690547,112337.0,11702.532344,76995910.01401609
2018-10-20,19240.722247,126325797.49570584,110809.0,10487.007277,68848403.0365021
2018-10-21,6515.357792,43146401.58918715,68018.0,3352.959844,22204439.20522993
2018-10-22,16213.69266,106815019.55165032,101673.0,8401.545594,55341971.19307679
2018-10-23,13856.601756,90969791.0251596,86938.0,7288.048932,47847204.0370594
2018-10-24,11951.543977,78795617.02141578,90762.0,5551.62038,36598642.16926681
2018-10-25,10342.701244,67691945.44596253,75563.0,5366.160777,35118312.45154271
2018-10-26,9443.504156,61792487.79642334,77985.0,4680.041861,30622521.98363894
2018-10-27,7776.907864,50667220.04441258,86848.0,3826.22774,24926178.8679294
2018-10-28,5743.933728,37298357.26271342,71647.0,2728.508889,17719438.99521591
2018-10-29,13827.224067,88484721.03624511,135586.0,6536.422181,41839860.73171636
2018-10-30,8877.175385,56393439.18288881,95116.0,4547.135696,28892142.58988397
2018-10-31,12148.888216,76970488.28166042,111552.0,6037.752817,38272580.58381576
2018-11-01,9099.035841,58031686.8315247,89601.0,4560.735608,29086134.32882036
2018-11-02,9739.440679,62589428.22024873,109482.0,4961.635216,31889801.28230129
2018-11-03,7661.241476,48934237.93991929,83836.0,3635.868957,23226775.94830495
2018-11-04,10592.394943,68169573.18695,126200.0,5716.258624,36792110.49723886
2018-11-05,8987.882156,58127213.13931594,114235.0,4555.523431,29465680.23859559
2018-11-06,11926.565699,77336101.18719475,150475.0,5734.321131,37189108.73306704
2018-11-07,14271.591117,93820576.63463956,151060.0,7059.087973,46413326.05582056
2018-11-08,13259.789282,86450363.67835227,145405.0,6370.531258,41543352.29678714
2018-11-09,11787.616583,75997777.50255908,117043.0,5993.771062,38655506.51281597
2018-11-10,7714.829926,49745307.64123968,97746.0,3714.135468,23951565.83481469
2018-11-11,8213.507117,52709099.31784609,98435.0,3799.700665,24388849.49935703
2018-11-12,10132.782567,65390882.14088421,123144.0,5162.630429,33319237.91336477
2018-11-13,11790.564933,76142983.15196352,150940.0,6176.466277,39897081.36738298
2018-11-14,46478.964003,279632622.8943677,319011.0,20429.546888,122727749.8468148
2018-11-15,47700.829401,270133503.66131264,303825.0,24424.593996,138413226.3312415
2018-11-16,38721.802274,219097215.966752,221493.0,20864.470681,118076678.41618489
2018-11-17,26411.241413,148072393.10210443,171403.0,14662.946203,82212555.95855413
2018-11-18,23844.999347,134893236.9862243,154817.0,12870.692954,72812616.98964535
2018-11-19,70580.892856,368688743.45440894,378495.0,34832.065477,181961869.3694022
2018-11-20,117380.95159,548036628.7293574,596769.0,60016.157716,280209159.00641763
2018-11-21,61071.829475,281264433.4846592,301920.0,31538.610809,145270590.60586113
2018-11-22,34531.119143,157459733.7241475,180335.0,17104.716369,78079163.83838251
2018-11-23,49371.920322,215283656.1153948,227935.0,25825.008932,112703529.40285806
2018-11-24,61693.111006,258702927.69916427,275070.0,30242.189194,127231531.56615078
2018-11-25,101693.975588,398253568.5292384,428171.0,53212.171,208468641.3866548
2018-11-26,94504.865717,373230308.2847775,413339.0,48232.505531,190643829.05834308
2018-11-27,67480.607212,257593168.12182525,288731.0,36322.283916,138747058.9298063
2018-11-28,91983.567949,382697308.297627,386714.0,47319.594419,196769358.5655052
2018-11-29,73980.198669,316809038.40988266,316601.0,36962.473603,158303080.30548847
2018-11-30,67758.446283,278810574.935784,288098.0,33803.976753,139232146.69274852
2018-12-01,44840.073481,186157614.3155972,205472.0,22425.41131,93092891.05095032
2018-12-02,38912.15479,162917339.00647366,178087.0,19632.485758,82236824.78200336
2018-12-03,49094.369163,195055919.54337287,207134.0,23219.634345,92281403.0479723
2018-12-04,48489.551613,191673423.7062659,220815.0,23934.235906,94658347.08020414
2018-12-05,44004.799448,169404368.19157183,199011.0,20500.981593,78965669.66403113
2018-12-06,68378.796943,254722331.4949405,293512.0,32658.461385,121928277.43586436
2018-12-07,95145.457442,322364604.2802089,413521.0,47770.637792,161888033.89864394
2018-12-08,55365.949949,187909876.2489473,253650.0,29371.741091,99748773.25286004
2018-12-09,45956.893296,161618597.82859048,194567.0,23399.945608,82219737.9350548
2018-12-10,40989.244553,142507933.07357892,192599.0,20615.038255,71728122.27762426
2018-12-11,35920.864154,121841475.29281934,162266.0,18443.626714,62566361.86365689
2018-12-12,33922.931286,116227185.7924007,152067.0,18127.198706,62102213.79885198
2018-12-13,40040.917013,134817053.72748312,160471.0,19671.315079,66262762.30044974
2018-12-14,44492.983807,145101409.49359843,184525.0,22546.670128,73559210.30184719
2018-12-15,29796.041436,95588793.64058843,139806.0,16044.57843,51480397.90105426
2018-12-16,24628.808538,80068159.40481837,125565.0,13109.773513,42626126.40565618
2018-12-17,66762.216388,228758085.6184612,283815.0,34567.214438,118345866.95801295
2018-12-18,61369.615257,216563775.025232,296433.0,32075.600521,113218237.08727913
2018-12-19,94137.341014,352638213.53853136,434026.0,48106.758907,180189225.2989942
2018-12-20,101543.835986,399967057.78281647,500506.0,52772.933168,207803692.00369185
2018-12-21,82343.850112,325803279.9626696,436187.0,41365.888997,163730611.7927524
2018-12-22,42822.350872,165085567.58556616,249148.0,22602.324084,87158242.38930173
2018-12-23,40117.531529,158756356.81762382,258417.0,20216.880715,80034022.88002953
2018-12-24,64647.809129,264628967.0659108,400403.0,33124.508698,135645529.90615216
2018-12-25,62725.629432,235584302.95256105,356377.0,31541.976272,118404280.4976858
2018-12-26,42629.375817,159705204.50415567,267746.0,22292.219845,83539027.8284803
2018-12-27,44097.392912,161915849.87310502,262733.0,22249.473824,81803859.05606578
2018-12-28,45964.304987,170638519.2472785,251040.0,24449.924653,90747704.9025186
2018-12-29,38874.373903,148205200.1077372,244844.0,19522.193046,74500753.17536026
2018-12-30,33222.369262,124966229.52022897,218929.0,17427.342285,65587964.90351099
2018-12-31,29991.77835,111847216.11708207,190308.0,15523.796134,57912258.76286516
2019-01-01,23741.687033,88149249.09230462,154227.0,12919.155899,47973435.866858
2019-01-02,35156.463369,133876627.2465106,218538.0,17921.600114,68277897.66105787
2019-01-03,29406.948359,111657372.69526468,199812.0,14793.083267,56172495.42692984
2019-01-04,29519.554671,111034550.64066195,192232.0,15579.303258,58616203.97789647
2019-01-05,30490.667751,115893501.27515878,203673.0,14908.914175,56667455.38615935
2019-01-06,36553.806709,142198812.18914708,240496.0,19772.887008,76903705.93007119
2019-01-07,31869.846264,126830380.4928724,221219.0,16404.352241,65287611.65056139
2019-01-08,38901.423122,154778846.54236615,242898.0,20047.977601,79781104.89538665
2019-01-09,28989.439511,115218950.31554872,209240.0,14984.33702,59559010.745234
2019-01-10,59402.22851,221789348.03469807,374760.0,28288.322574,105616252.06340843
2019-01-11,38338.654733,137560743.6248598,264996.0,19907.350586,71430015.64522146
2019-01-12,21999.928354,78908770.67658037,175679.0,11645.598846,41778835.50680978
2019-01-13,26385.757454,92882249.46737902,183113.0,13692.42064,48229503.0153272
2019-01-14,35235.211215,125631820.06705058,229452.0,18416.416902,65668831.10400985
2019-01-15,34137.997459,122785440.22887538,231684.0,17225.622434,61971796.9125699
2019-01-16,27480.179977,98504455.20666537,205159.0,14183.69988,50843136.81523343
2019-01-17,29755.440838,106709136.97324342,217797.0,16010.503395,57427195.93767381
2019-01-18,22713.446755,81699723.54479145,177567.0,12611.083757,45362975.23668103
2019-01-19,22171.578123,81354185.90325992,175054.0,11637.258171,42690540.30785225
2019-01-20,27901.938598,99767239.95381454,204941.0,13875.111381,49633530.63808028
2019-01-21,19644.436839,69316548.76685554,160825.0,10462.020278,36918177.63501831
2019-01-22,29336.442967,103804480.11605988,195484.0,15661.333001,55461347.6939766
2019-01-23,24938.842698,88816396.34583545,192892.0,13136.693253,46789527.0087881
2019-01-24,20826.25118,74037052.86632736,162159.0,10975.97457,39023591.88152408
2019-01-25,17608.346671,62634926.45524528,153413.0,9690.398152,34473989.38670668
2019-01-26,19476.532344,69841766.64693148,135369.0,10203.400315,36578851.51879908
2019-01-27,22735.598162,80743416.84653682,163855.0,11568.567399,41100311.44740031
2019-01-28,40405.111401,139258708.76430878,260799.0,20334.271739,70100390.81728584
2019-01-29,29544.928977,100542807.46479908,189650.0,15626.311231,53180295.18051735
2019-01-30,23968.260243,82521122.86191754,180820.0,13324.339628,45877250.0578734
2019-01-31,29607.190253,101928346.97699684,198100.0,15325.828783,52764623.95051864
2019-02-01,25260.476159,87075914.2326683,167520.0,13533.344628,46664199.94907889
2019-02-02,17920.802,62134037.97539881,153234.0,9637.41923,33417963.69624554
2019-02-03,19867.33639,68801620.06241606,138592.0,10126.716143,35070884.46205618
2019-02-04,23131.981108,80024258.22766612,155686.0,12387.109781,42856551.66874073
2019-02-05,25264.41503,87491347.06381486,162066.0,13642.823084,47248405.24357039
2019-02-06,35310.244846,120500703.0051573,207024.0,18054.008347,61609674.49994292
2019-02-07,18665.538638,63611505.78657223,148209.0,9971.89096,33985909.98028422
2019-02-08,47968.058013,170118212.46197885,277242.0,25500.970345,90453750.95066436
2019-02-09,24759.833719,90488500.0676624,192209.0,13208.14275,48274378.26417207
2019-02-10,23250.602634,84696423.96233752,171099.0,12445.220546,45337811.06485932
2019-02-11,24954.614571,90731831.90427426,172626.0,12713.191666,46221559.64321214
2019-02-12,29479.59823,106766439.99436474,198996.0,14986.119629,54283275.96877608
2019-02-13,25773.997648,93350740.94830574,167690.0,13552.84642,49100779.82827613
2019-02-14,21753.501261,78367545.57945932,155215.0,11271.17502,40602592.45976747
2019-02-15,20777.872899,74938358.18352868,151256.0,10840.396895,39106496.49706577
2019-02-16,19565.992751,70894921.80761532,149393.0,10452.11973,37873280.57143865
2019-02-17,25690.227779,93426433.13226134,179511.0,13004.164676,47317986.79403941
2019-02-18,64042.730492,242898012.769226,393515.0,33934.973171,128779026.65413164
2019-02-19,50207.172667,197091641.0474,332281.0,27008.597566,106038298.75034282
2019-02-20,36205.14085,142571564.5611299,250176.0,19952.700984,78593009.217168
2019-02-21,31103.884728,122714273.87417652,209571.0,16678.730945,65816472.08951928
2019-02-22,23943.16375,94739322.74557026,179588.0,12932.078494,51172984.8508417
2019-02-23,33657.942883,135782959.41827348,231563.0,17790.396815,71727695.5046879
2019-02-24,62224.18689,244146803.51887,410578.0,30284.980963,118938981.43024276
2019-02-25,38102.966245,145285565.2031707,262716.0,20414.125316,77851143.96719553
2019-02-26,28838.748036,109932596.10609365,213897.0,14790.213311,56376982.48230529
2019-02-27,31500.995466,119564023.12004226,201626.0,16214.235846,61560455.27515973
2019-02-28,32561.961044,124703738.39336836,233849.0,16907.092301,64761233.24960861
2019-03-01,23174.57217,88851336.5211179,179860.0,12773.952595,48982541.74343915
2019-03-02,19445.838355,74175357.77882297,149854.0,10248.945655,39098061.94664881
2019-03-03,16718.16541,63791898.99159701,127681.0,8854.218878,33793163.48606208
2019-03-04,34742.84166,129739738.23815794,218615.0,18023.022407,67312533.26381876
2019-03-05,32962.536162,124945530.76214454,202444.0,17980.127712,68134618.18206476
2019-03-06,24775.11883,95417637.5889866,165101.0,13139.774573,50622286.0620538
2019-03-07,26455.257661,102585458.38333896,180520.0,13365.946213,51827450.49331647
2019-03-08,34730.366592,135000852.01035947,211534.0,17947.934228,69791058.74747884
2019-03-09,30979.747653,121353606.96803357,206869.0,16447.346558,64429542.99978998
2019-03-10,23187.561412,90693949.72150733,167920.0,12518.496386,48968093.08714351
2019-03-11,38066.885705,147721971.09446937,209916.0,19416.221014,75329574.17851433
2019-03-12,26921.008622,104393849.44844826,182885.0,13827.421065,53624520.4549435
2019-03-13,24461.008757,94680049.46033752,186572.0,12839.146505,49699859.82552118
2019-03-14,27048.74853,104673038.77602254,196651.0,14244.455319,55141147.28364773
2019-03-15,21740.061498,84919900.71744472,163866.0,12025.705534,46979306.89873034
2019-03-16,28568.376124,114227606.40681694,216198.0,15580.63108,62301622.91259946
2019-03-17,18814.255577,74893913.05776027,146953.0,9927.116559,39524144.17139103
2019-03-18,22454.47801,89526258.38910636,157876.0,11964.189769,47710908.05709871
2019-03-19,19893.741815,79503748.36263466,147394.0,10745.630565,42949860.70592456
2019-03-20,23432.300255,94019734.23326428,175036.0,12201.214279,48961351.11750316
2019-03-21,35997.682119,144010401.50845116,236100.0,18704.221837,74835394.39208286
2019-03-22,20022.606318,79861943.8108997,153703.0,10561.694577,42127893.35065794
2019-03-23,17302.604318,69169819.8628637,143155.0,9491.144728,37945846.04025019
2019-03-24,17179.850648,68524082.74695624,131087.0,8617.365925,34375232.36909545
2019-03-25,33192.890217,131507366.37512892,227739.0,17050.634827,67573128.16531546
2019-03-26,29349.537627,115330070.99071544,192418.0,15963.905205,62738463.8918989
2019-03-27,32364.555852,129681258.0162135,224309.0,17964.550601,71983196.76062553
2019-03-28,20089.293875,80822230.57984656,157060.0,10111.826276,40683986.77430117
2019-03-29,30084.217444,122585822.5865048,203826.0,16800.509572,68459620.2724032
2019-03-30,19509.292601,79853835.581824,162463.0,10322.148775,42255037.00428935
2019-03-31,13525.087433,55472147.12701675,124046.0,6824.657378,27993469.17112726
2019-04-01,25507.067641,105388238.14788891,184268.0,12915.28932,53371959.95327402
2019-04-02,105383.639263,489018726.75750667,609133.0,55726.141684,258300768.815403
2019-04-03,109890.125743,548900970.9178842,692019.0,55975.584761,279654422.0749142
2019-04-04,61054.254168,301411332.0090243,419141.0,31203.308354,154090564.79115182
2019-04-05,39768.552806,197660830.71096665,292375.0,21235.636237,105586318.20991644
2019-04-06,41770.842313,210963411.61313188,281237.0,21796.021869,110119190.88917792
2019-04-07,37615.486804,192916750.5719041,274084.0,19504.612832,100069310.55713654
2019-04-08,50178.430782,260487077.7675668,350828.0,25302.165402,131396468.34738518
2019-04-09,34067.012311,175633627.3163735,253381.0,16967.006115,87496291.75731626
2019-04-10,40073.620471,210870034.5120553,260967.0,21269.620949,111952601.71234792
2019-04-11,54696.600686,277736905.85749793,369304.0,26631.112409,135174561.6885292
2019-04-12,33276.678614,166485761.0793121,226036.0,16899.590533,84561818.27888817
2019-04-13,17292.456802,87375984.44461507,138674.0,8692.053259,43925293.92220215
2019-04-14,18281.607739,92594930.42710131,131700.0,10043.911667,50893945.02767781
2019-04-15,29057.191581,147687551.9414771,204944.0,14170.252402,72070166.00084409
2019-04-16,24242.229493,123581651.71216355,168550.0,12804.633768,65290617.51599363
2019-04-17,23307.536134,120972345.51821636,179490.0,12172.531724,63190167.89632924
2019-04-18,22619.239001,118573129.86520116,167110.0,12104.852932,63464128.54331125
2019-04-19,24611.236323,128937309.63806376,178148.0,12889.683344,67549701.12506343
2019-04-20,19168.908274,101343660.15324436,157080.0,10029.272262,53029542.91017945
2019-04-21,25549.570939,133929931.15068737,210494.0,13147.771016,68909870.81367928
2019-04-22,29563.852309,156632202.97099614,210361.0,15828.004851,83879362.2832235
2019-04-23,41262.103917,227154061.8577141,282563.0,21260.014469,117054771.35759218
2019-04-24,48224.152413,262493252.9358424,339599.0,23401.18852,127419838.497842
2019-04-25,49636.089948,265091565.61466023,331089.0,21401.171965,114223925.41789764
2019-04-26,48912.294513,259659705.6513858,333183.0,25076.718297,133163032.45656706
2019-04-27,15422.896935,81749716.42174439,145733.0,7918.227056,41978251.89852615
2019-04-28,14371.433869,76277087.37424076,127730.0,7160.773725,38011547.93921391
2019-04-29,19918.135079,104822151.5144498,178472.0,9983.622137,52529726.6306137
2019-04-30,22238.06823,117309839.23079813,180989.0,12264.552938,64721155.04645376
2019-05-01,17217.473216,92194935.6047804,161488.0,9636.265899,51604847.88561128
2019-05-02,22795.787835,124498567.2076544,181896.0,11908.895892,65029410.500783
2019-05-03,46297.172849,264435878.9281101,338298.0,24992.74319,142732584.0758724
2019-05-04,39682.408991,228942582.4507792,283145.0,21037.299477,121524183.9274325
2019-05-05,23822.543775,137653160.76602158,185365.0,11824.087921,68357177.93240789
2019-05-06,25256.596325,144358553.85462248,230431.0,12922.62549,73880906.50332905
2019-05-07,39905.064422,236176663.81792104,301388.0,21302.981217,126064101.9122562
2019-05-08,23074.186907,136246055.59559172,190969.0,11961.036359,70660061.87146753
2019-05-09,27453.011436,167489934.34358987,227841.0,13875.182356,84696142.54932348
2019-05-10,36623.61079,231801342.4320928,283074.0,18548.927995,117379030.42732473
2019-05-11,74022.424393,507216001.3434041,562540.0,40091.997215,274656200.80251044
2019-05-12,86948.975339,619939454.4896551,647345.0,42689.589676,304720922.9083252
2019-05-13,85804.735333,648012612.2927014,588497.0,45381.262259,342327287.016619
2019-05-14,76583.722603,611103206.0032725,655426.0,38953.032335,310810946.93725246
2019-05-15,37884.327211,305196285.2755824,347533.0,19660.576186,158426245.70097858
2019-05-16,69630.513996,557126171.2789642,666538.0,35097.404158,280897013.06816626
2019-05-17,88752.008159,645676487.3744029,803893.0,45121.474978,328348049.1630897
2019-05-18,37054.944779,271170511.0509332,379504.0,19375.84836,141830045.16939756
2019-05-19,65577.442058,517729474.358441,583432.0,35593.490022,281177713.21845126
2019-05-20,65859.208564,517939277.868858,610360.0,34629.645645,272371020.30677795
2019-05-21,52301.752247,413637782.3697456,554038.0,27272.360448,215730616.60421488
2019-05-22,49136.994589,384730220.7219517,461337.0,24410.962662,191296198.55463496
2019-05-23,49648.184701,381536239.5128484,449220.0,25959.859838,199607980.98608008
2019-05-24,46664.785325,371381043.73160255,428676.0,25045.733428,199347829.0258737
2019-05-25,28414.328817,227376280.5854076,264448.0,15037.164996,120334124.30243574
2019-05-26,49652.144567,409616322.3884788,377306.0,26438.946803,217911336.3040823
2019-05-27,51886.768793,452651204.9349024,478773.0,27722.369637,241864670.6517397
2019-05-28,31470.551534,273791910.6314759,349123.0,16561.876811,144108437.06115803
2019-05-29,33880.865922,292094591.01803863,352317.0,17575.580317,151595491.23598412
2019-05-30,70379.998521,603312537.3808434,617341.0,34577.310598,296613619.2190466
2019-05-31,44727.49162,373629673.9190144,416525.0,23391.68846,195418655.05339947
2019-06-01,31868.234157,272098436.34069574,348375.0,16922.662425,144486129.11826152
2019-06-02,27835.133265,241414596.7195052,299353.0,14585.886999,126530020.38343658
2019-06-03,45692.965104,387155494.97304887,431252.0,22514.316859,190882595.70344347
2019-06-04,74143.948941,582173398.3257968,645913.0,36776.597131,288822568.0432201
2019-06-05,48679.656455,377635818.0044095,426120.0,26296.533959,204082647.8767332
2019-06-06,36624.118747,282156410.5437891,371485.0,18877.986383,145537581.79160798
2019-06-07,33942.225658,269125728.1416496,323096.0,17193.575595,136343077.37705734
2019-06-08,22657.329634,179047320.02388045,250864.0,11795.097294,93237148.4745482
2019-06-09,31568.465157,243970971.0244344,322175.0,16234.631275,125591062.03917082
2019-06-10,36756.078468,287125339.9701144,387179.0,19890.868561,155461282.8313925
2019-06-11,30334.999427,238031771.51747337,309059.0,15793.772451,124001190.82079008
2019-06-12,41597.082622,333291726.6460002,361980.0,22826.901026,182925127.46756545
2019-06-13,30467.764341,248418184.7720466,341246.0,16100.161346,131293315.79862677
2019-06-14,39835.246255,333475488.5537595,410072.0,20970.623827,175588531.4851917
2019-06-15,31791.636039,276420769.2933853,335840.0,16798.379296,146051605.23593673
2019-06-16,63289.251219,574211342.9796603,552319.0,33804.182046,306793742.1084928
2019-06-17,47895.485374,441567296.0592662,462160.0,24826.97685,228962151.2411525
2019-06-18,51554.569401,470271954.2987056,449730.0,28057.047335,255972426.13011804
2019-06-19,32147.706495,293748062.6668488,306202.0,17533.233016,160303572.0157976
2019-06-20,34556.053982,323621848.1987617,350662.0,18032.190714,168891671.53448427
2019-06-21,50484.415892,494783687.9853515,474344.0,28305.732749,277616242.76671946
2019-06-22,104169.447976,1112069567.638115,923334.0,55336.623587,590676435.7888236
2019-06-23,57445.323945,625330374.7466884,557935.0,30129.801033,327919162.5503831
2019-06-24,43101.045285,469746663.9381173,440335.0,22674.413851,247193774.35494488
2019-06-25,61276.686648,697773986.2691859,597798.0,32838.335566,373915513.2823127
2019-06-26,155930.147386,1996178374.594492,1355074.0,76046.064206,973444882.2175624
2019-06-27,173894.820889,2058443849.314,1357233.0,80442.119916,951733425.6087812
2019-06-28,95795.203964,1129888341.3212838,883116.0,48847.107883,576552254.919601
2019-06-29,69642.074157,829011822.2365324,732073.0,36061.459369,429403585.74678665
2019-06-30,84512.530443,971151050.9005816,711267.0,42697.44,492370966.31592095
2019-07-01,90962.268271,972343281.8603554,757458.0,44210.988365,473020897.4118362
2019-07-02,109561.038728,1128353804.8007915,870148.0,54998.503606,566863180.5509229
2019-07-03,96815.90029,1097804642.7577736,814754.0,49613.616744,561585673.8651911
2019-07-04,66512.221892,775818897.3894849,643867.0,33626.851862,392411806.4334007
2019-07-05,63534.350582,705853649.0264896,564857.0,32306.914259,359142813.98810697
2019-07-06,51469.496331,585001376.1554291,470692.0,25601.989482,291096287.944003
2019-07-07,38884.795599,439439052.9455421,366769.0,22449.30112,253820654.34123245
2019-07-08,52182.367215,618530684.4325522,507860.0,27740.09749,328709707.94803345
2019-07-09,78442.130343,975986802.0300353,660273.0,40993.911974,508388352.3604959
2019-07-10,109246.044997,1369749939.9675035,899391.0,46964.760907,588798251.124835
2019-07-11,87506.461058,1007356802.218256,760057.0,43714.15617,503407388.6836543
2019-07-12,56321.858281,649824820.7654814,537561.0,30291.119356,349517968.9038733
2019-07-13,54245.594548,614050007.9919451,510305.0,26460.058236,299649536.3943535
2019-07-14,72517.579236,777646151.6029468,649043.0,35853.69216,384643236.23562616
2019-07-15,81922.426332,851028723.7031858,732206.0,41714.189655,433767828.4945731
2019-07-16,97219.443413,982462166.6932294,796646.0,47295.944048,478852520.00356245
2019-07-17,84942.672717,809555508.3476789,757742.0,43073.115146,410754257.707386
2019-07-18,80283.310252,807822745.1854328,734821.0,42103.344745,423743857.7945461
2019-07-19,56546.932133,589931612.3419864,567735.0,29070.357474,303508985.606864
2019-07-20,47331.899848,505569016.350083,461660.0,25003.62155,267188169.9395916
2019-07-21,38834.287935,409661485.9985646,395452.0,20345.527384,214610701.2026862
2019-07-22,40467.954839,421016379.36208767,389565.0,19335.4119,201324461.2284504
2019-07-23,47624.37071,478441909.4050573,448147.0,24082.309129,241965620.20266604
2019-07-24,43475.380377,422534162.14571226,424762.0,21963.773537,213526693.3881535
2019-07-25,37873.354728,378938450.0817674,368176.0,19308.011426,193241603.01232004
2019-07-26,27167.463217,265108103.13392133,299935.0,14006.629434,136688126.95394775
2019-07-27,43809.778301,424932724.9687315,401418.0,21428.052318,208090741.11042416
2019-07-28,29401.022937,278537286.1348134,271327.0,17116.433132,162267204.1584597
2019-07-29,29021.937411,277497756.7684168,294468.0,16075.166971,153791418.10329247
2019-07-30,32536.368834,310867928.28793913,283961.0,17211.009653,164621319.04418957
2019-07-31,39515.35456,389690761.44466114,364212.0,21235.609604,209506872.509218
2019-08-01,41727.637028,422156523.6690079,378062.0,22244.919467,225207082.3942673
2019-08-02,42990.444221,450323284.15075976,431322.0,22206.135093,232638457.60696325
2019-08-03,33802.318824,363852799.8717801,348893.0,18132.529707,195125820.4794652
2019-08-04,39924.745141,431793873.4232976,353721.0,22066.368257,238959952.2351608
2019-08-05,65153.673713,757976547.2170461,622610.0,33530.07066,389969213.3989176
2019-08-06,76705.389875,904119081.6157126,625827.0,37522.116972,442937542.0407164
2019-08-07,69173.390353,814597979.0505041,592916.0,36357.225918,428496665.570065
2019-08-08,51207.257174,604389131.062836,473584.0,27463.200763,324785966.1265964
2019-08-09,39427.152588,467011047.9414284,410902.0,20074.421911,238009297.57960403
2019-08-10,42633.087048,492217964.49055576,399237.0,17111.125076,197997879.10911432
2019-08-11,26772.90691,304862403.3514491,306234.0,15007.4382,171032610.99181715
2019-08-12,17568.227075,200325471.604141,255966.0,9200.430879,104948602.15277772
2019-08-13,33234.72968,368994475.5461124,337834.0,13483.5587,149693332.12683108
2019-08-14,54451.847499,567724729.1059059,534507.0,26080.631381,271971667.5509817
2019-08-15,38174.45112,387705855.0879112,373368.0,19588.082918,199059445.6042564
2019-08-16,51758.142918,527258446.3977765,504740.0,25818.031537,263301246.8984917
2019-08-17,29000.581201,297776329.0305825,332795.0,14672.94974,150792759.3452331
2019-08-18,24085.395172,248508872.4599864,265705.0,12961.478557,133774771.71696788
2019-08-19,37243.319217,396233441.0274596,337022.0,20591.436572,219085855.3445805
2019-08-20,32298.921679,346664453.13672656,305065.0,16017.544729,172082522.17892724
2019-08-21,47355.719282,482889274.517917,458814.0,21565.830561,219533134.86528105
2019-08-22,34059.642738,341371442.9068388,401148.0,17921.9543,179746967.2352143
2019-08-23,27550.336173,282732431.7520724,326866.0,14798.816338,151926638.08027625
2019-08-24,27692.456844,279962133.6257099,313227.0,13623.564841,137726211.36364344
2019-08-25,26271.657398,265132761.31704283,289956.0,12885.717735,130202473.09027292
2019-08-26,41687.511599,432249835.49069726,405316.0,22666.595452,235202578.4360121
2019-08-27,28402.775383,289340681.0789518,292888.0,13852.442138,141207845.02919284
2019-08-28,42110.555375,420034883.0031526,381293.0,19430.822573,194055407.18003407
2019-08-29,35532.69491,337838761.5572865,343887.0,17536.268448,166811264.08255094
2019-08-30,26834.318104,255854874.4507745,259270.0,14227.872851,135696420.41983488
2019-08-31,17130.290074,164116756.4629969,199188.0,8558.148214,82010834.33875087
2019-09-01,19545.404843,188513289.12235728,191324.0,11545.610598,111464034.38112412
2019-09-02,44740.248093,448462178.6303809,354155.0,25140.296125,251933840.30794755
2019-09-03,47998.376781,505617667.3992669,416076.0,24734.303264,260488377.88812712
2019-09-04,43943.889026,463526509.325937,383457.0,22244.067656,234731325.60204145
2019-09-05,33970.960639,358861340.7897901,309846.0,16535.147807,174901090.47337496
2019-09-06,58799.640959,623662984.3843306,455334.0,29952.944427,318275724.07277405
2019-09-07,27637.877392,287851131.1802577,272011.0,14673.489216,152825898.95080233
2019-09-08,23984.672018,249900964.3715313,237752.0,10588.592458,110370036.72549054
2019-09-09,39835.727608,409724831.9471227,330459.0,18729.472684,192814736.82347485
2019-09-10,28915.412225,294323839.5070076,286763.0,13432.256822,136876441.42321572
2019-09-11,31953.824562,321637085.47650874,309120.0,16583.813097,167086058.18780476
2019-09-12,34511.162755,353390090.9677773,317881.0,18550.853202,190066356.88701728
2019-09-13,30280.339776,311632094.2561885,304947.0,16763.854663,172561765.6530662
2019-09-14,23621.533519,244063007.0902248,253929.0,13495.986691,139491411.26572925
2019-09-15,18047.654013,185853330.43704256,194733.0,8221.803055,84690636.88555922
2019-09-16,28971.401657,296325130.1709013,274368.0,13385.302253,137008707.88664532
2019-09-17,22914.324563,233944812.560508,287483.0,11195.430673,114314296.20572507
2019-09-18,24250.249303,247024351.5979917,299466.0,11753.109111,119777298.85924058
2019-09-19,44826.282579,447676492.9840264,429727.0,22623.287763,226404409.6823671
2019-09-20,25088.491069,255205290.2118373,267032.0,12054.384888,122687240.60518864
2019-09-21,20544.175196,206034034.50803515,245439.0,9285.851479,93152981.29234466
2019-09-22,22049.275256,220133631.6128417,253713.0,11200.611921,111864717.13240464
2019-09-23,31937.232356,314390584.6264613,332817.0,14940.112496,147108768.54457945
2019-09-24,94007.345203,838996309.1611282,748712.0,42986.253127,383608082.5686317
2019-09-25,60783.892258,512437200.3611044,544806.0,30489.471994,257118054.5490336
2019-09-26,67930.853749,552794530.8666819,522062.0,33363.51365,271728779.6995455
2019-09-27,43882.924625,352800745.2079286,369518.0,23224.861135,186790633.03646183
2019-09-28,34473.605165,280672404.6804955,319113.0,18215.039863,148326185.32000545
2019-09-29,31544.211388,253660600.3252929,322501.0,15507.400781,124764250.17575432
2019-09-30,55865.48726,449120676.8427603,455556.0,29052.010951,233783108.2316931
2019-10-01,43479.58742,363040860.0000876,387712.0,22520.155804,188075198.9756879
2019-10-02,26243.386644,216325351.8586446,261430.0,13652.36085,112568257.1336314
2019-10-03,30488.284058,250291751.2714139,281307.0,15321.407535,125826457.09252052
2019-10-04,26476.330404,215325611.68221503,259012.0,13236.810255,107708233.74574783
2019-10-05,21907.615564,177252877.0029691,237769.0,10620.069822,85943843.84390093
2019-10-06,34676.104049,275447898.032875,325795.0,16437.310141,130619830.6335686
2019-10-07,52202.072297,420921679.8442632,482605.0,28088.649704,226592301.6438216
2019-10-08,35452.657423,290675248.1414453,395685.0,16893.73714,138551354.17557934
2019-10-09,55038.704378,462845251.8136103,537805.0,29211.87169,245678414.8292902
2019-10-10,39137.946167,333925412.3041418,406932.0,20587.713971,175682847.81235147
2019-10-11,50405.284418,424413201.5329322,471818.0,24618.017135,207347909.9759768
2019-10-12,21339.334098,177707852.5948189,280633.0,11644.429544,96979920.3984342
2019-10-13,27840.739953,232149438.3639587,320051.0,14035.914654,117101482.9046443
2019-10-14,29810.663253,247530733.18003485,345679.0,15273.003755,126831374.41473168
2019-10-15,32773.062476,270727559.7770109,399447.0,16822.940015,139031758.65565604
2019-10-16,34733.593966,279586845.5362139,421026.0,17198.827976,138510455.77691367
2019-10-17,29656.949158,238343204.48251528,356490.0,15922.046058,127960055.04589143
2019-10-18,31353.181416,248931322.1008505,399783.0,15692.63445,124639536.56963076
2019-10-19,26627.889388,211909734.13572004,349746.0,13886.838244,110541248.1750374
2019-10-20,34286.452654,275899861.65387124,396091.0,18042.423677,145235373.21216157
2019-10-21,30448.679539,250117281.63661337,367169.0,16584.000384,136247602.03863662
2019-10-22,34651.828663,283535483.41051364,384699.0,16767.036824,137253195.95826292
2019-10-23,63897.457098,488220760.6464156,610241.0,28473.730302,217502083.43670303
2019-10-24,32714.383265,243246414.9489239,403778.0,16705.376355,124225722.47547963
2019-10-25,90748.218174,737329544.8835196,775418.0,49588.976612,402740312.18785393
2019-10-26,162588.585413,1522244166.4108484,1185369.0,81590.336531,764040095.621218
2019-10-27,93833.541604,887438297.7462667,799978.0,47320.55467,447629005.3965627
2019-10-28,80174.217323,759178942.9488419,681128.0,39754.681501,376584590.21858096
2019-10-29,64158.462446,600611324.6356996,559589.0,32787.049174,307062268.4199179
2019-10-30,55241.786434,506584830.0313323,524035.0,27416.561748,251452283.2053046
2019-10-31,54376.024902,498152743.7348088,490183.0,27252.203536,249802680.66380805
2019-11-01,43594.814115,398803069.00908464,478002.0,22843.605042,209045155.8809569
2019-11-02,28923.060828,268119579.73009112,325421.0,15316.187863,141991067.1533321
2019-11-03,27894.378279,256664259.66219145,326024.0,13611.806558,125328511.00426772
2019-11-04,45894.456277,426792003.1749065,453749.0,24741.815925,230142613.2075244
2019-11-05,45935.873665,428156963.0785469,492885.0,22809.239558,212668961.3761961
2019-11-06,37336.170372,348607499.83121693,402997.0,18947.024127,176929534.86037746
2019-11-07,39117.470853,361217475.0583465,401984.0,19603.523572,181092296.0400377
2019-11-08,62107.289243,555589995.993586,567331.0,30046.129291,268900339.26312256
2019-11-09,29469.481405,259733491.8299089,326730.0,14990.422246,132136096.26889738
2019-11-10,34422.029797,307316853.90375423,375946.0,17722.19709,158219187.66195828
2019-11-11,44888.053545,394585996.3292871,415982.0,22111.943057,194310323.8567873
2019-11-12,40366.629471,352675938.430593,406765.0,20225.03456,176773688.17197934
2019-11-13,26810.116918,235060554.1241016,281593.0,13524.993035,118583622.59890504
2019-11-14,33468.468961,290104306.95303315,337019.0,16272.816785,141092283.63703057
2019-11-15,46087.417751,394708981.3155723,423919.0,22568.290117,193359510.7614677
2019-11-16,20902.299752,177222838.38564816,231473.0,10703.629784,90759494.93371467
2019-11-17,27009.037082,229995700.81158423,259594.0,13607.516179,115878483.61499643
2019-11-18,43017.69094,358706174.82521844,366263.0,20525.116924,171255974.96099597
2019-11-19,43556.061025,353463792.04443395,357382.0,21816.725084,177061624.17883486
2019-11-20,32466.23098,263387575.485922,288843.0,16751.186459,135913703.28376597
2019-11-21,58418.780261,455166676.2781802,430062.0,26902.369851,209669250.00512213
2019-11-22,126603.140259,917881536.262084,817604.0,60867.912182,441369226.6062732
2019-11-23,50449.894755,364446217.3737604,414045.0,25882.631466,187044325.0693693
2019-11-24,67890.206483,481922941.3269758,446014.0,33387.528695,237048588.0634904
2019-11-25,119645.735197,831628458.304907,679721.0,60533.393613,421590444.0656638
2019-11-26,65722.39769,469602476.91268086,433933.0,33301.349941,237985219.12113363
2019-11-27,92452.87349,671646609.1695509,582055.0,47058.028744,342164140.1831574
2019-11-28,56933.981109,427572714.9456008,388953.0,28876.708952,216954965.9916893
2019-11-29,60745.300873,463006956.68515146,412929.0,31576.88619,240751084.86781707
2019-11-30,46989.433619,358749026.3607554,346506.0,23743.610337,181318684.7679096
2019-12-01,60769.342313,446524917.2059704,420573.0,31120.002932,228709227.474782
2019-12-02,46330.25604,337889295.510181,326881.0,24043.616393,175417845.9677707
2019-12-03,33149.477487,242379261.1043476,265391.0,16639.294837,121693871.29329205
2019-12-04,83153.701586,608670609.9747069,516250.0,41870.640469,306646928.0153291
2019-12-05,59306.678855,434738864.7840125,430359.0,30794.874009,225785929.45196423
2019-12-06,48189.087944,356905919.0155599,367854.0,25901.014334,191894551.37719464
2019-12-07,31498.684173,237000924.85530463,263592.0,16179.184922,121730405.77530764
2019-12-08,29856.897631,223314325.61846468,257514.0,15295.64625,114410839.18893658
2019-12-09,46621.887493,347471155.4826833,359648.0,23733.126317,176936408.77023646
2019-12-10,49723.76214,363127435.39551663,439637.0,24739.064153,180700991.4476017
2019-12-11,30093.091944,217095653.86658925,268269.0,15475.539172,111646214.45842431
2019-12-12,42288.600932,303657479.492691,331414.0,20847.384026,149736412.31992897
2019-12-13,27609.873795,199836160.23365223,252135.0,14299.033256,103507284.73033176
2019-12-14,29561.985967,211004228.015854,276819.0,14397.273743,102799669.53690346
2019-12-15,26395.778137,187402764.5635311,262651.0,13778.880146,97846824.91339022
2019-12-16,43863.993059,307508569.8925137,371202.0,21512.688371,150883357.87501082
2019-12-17,53865.069929,364087469.8222779,454097.0,26510.453951,179268531.68762407
2019-12-18,95636.651251,654057202.1588289,714073.0,49843.650817,341707270.92404455
2019-12-19,55509.049075,397407677.0585651,439761.0,27456.528272,196558003.60942763
2019-12-20,32132.069205,229842650.4214953,312766.0,16641.052689,119044689.29161473
2019-12-21,19467.174028,139069157.0864577,212162.0,10119.761012,72297064.99889134
2019-12-22,39137.45515,285577206.9406348,356612.0,20625.436732,150554135.68143037
2019-12-23,68051.997203,510710431.7668604,530669.0,33444.243772,251116788.7252932
2019-12-24,43629.494188,318428019.0009099,384678.0,21552.751206,157326354.03834856
2019-12-25,27492.044323,198273303.10954583,289924.0,14433.038991,104115922.41287488
2019-12-26,36259.761076,263289798.9561876,337695.0,18887.865665,137178762.7893365
2019-12-27,33642.701861,242214722.72289035,297262.0,16882.396768,121593559.33506627
2019-12-28,26848.982199,196322192.4380019,272607.0,13894.476242,101598406.02770424
2019-12-29,31387.106085,231731575.8282169,283213.0,15999.777828,118139507.92862746
2019-12-30,29605.911782,216508875.51767525,279033.0,13768.256664,100676879.90295008
2019-12-31,25954.453533,187518399.34504,251976.0,12595.930347,91036201.1378344
2020-01-01,16792.388165,121214452.11606228,194010.0,8946.955535,64597785.21233434
2020-01-02,31951.483932,225982341.3011403,302667.0,15141.61134,107060829.07806464
2020-01-03,68428.500451,495098582.9620354,519854.0,35595.496273,257713113.8517286
2020-01-04,29987.974977,219874240.9399481,279370.0,16369.382248,120035111.72407164
2020-01-05,38331.085604,284848683.7891762,329209.0,19455.369564,144600094.38965073
2020-01-06,54635.695316,413330481.2260492,449937.0,28853.76777,218411610.65942463
2020-01-07,91171.684661,724202791.1429626,685315.0,46192.111549,366866967.6139318
2020-01-08,112622.64264,926410232.6045058,830375.0,55071.109514,453284250.4545396
2020-01-09,64239.51983,507258250.4748796,478800.0,31645.759221,249899679.33440104
2020-01-10,82406.777448,652774220.388437,606101.0,42361.755307,335845385.67483306
2020-01-11,54810.032667,445034349.564702,469131.0,27916.124974,226716001.44288608
2020-01-12,38131.494336,309351920.45885,350662.0,19718.541096,159972663.9929187
2020-01-13,31159.755683,252656965.3581501,289144.0,15215.226501,123407351.91807936
2020-01-14,120399.126742,1032735180.8658738,915328.0,62492.096676,536081638.0541857
2020-01-15,84816.297606,743712237.2790816,764048.0,42493.551026,372770745.1792992
2020-01-16,51991.074284,451752380.2810811,543064.0,25996.30135,225914888.3777724
2020-01-17,70897.737377,629568740.707009,676403.0,36139.808845,320997160.95891666
2020-01-18,38294.746545,340852837.9160803,458182.0,19421.295313,172895403.23974317
2020-01-19,70676.889259,623950864.2762928,615665.0,33655.943241,297282818.0931591
2020-01-20,38896.639746,336447837.0018059,385006.0,19453.863782,168293007.48754647
2020-01-21,36494.687659,316056704.984738,365621.0,18731.871637,162303157.94279355
2020-01-22,29080.557138,252638888.2149255,317424.0,14477.157512,125794389.99554266
2020-01-23,48165.944597,407428808.675337,464805.0,23287.712444,196965082.0404137
2020-01-24,41687.529529,349874174.79003936,407271.0,21293.489586,178752179.11477745
2020-01-25,25521.157932,212869245.6358978,283118.0,13076.752786,109098245.22427256
2020-01-26,31130.485164,263941925.272999,332612.0,15797.911267,133936210.1435635
2020-01-27,53973.542996,473194952.8044688,514196.0,28592.326521,250794158.80919072
2020-01-28,74584.853765,676593159.4823396,616678.0,38852.363246,352558461.2153821
2020-01-29,53864.065122,503188568.8363578,492545.0,26615.651329,248688826.4111904
2020-01-30,60626.744259,569652869.8196837,529570.0,30852.55545,290043577.4392868
2020-01-31,45552.022352,425779010.40653664,428547.0,22482.470899,210150300.2222744
2020-02-01,28578.067354,268137739.9933375,334972.0,14679.126305,137764121.89168733
2020-02-02,45690.91254,428064088.6904683,446558.0,22588.40606,211808205.79156947
2020-02-03,50892.133451,476379993.4924724,492124.0,24781.397696,232065946.538542
2020-02-04,53308.175266,491136137.2107625,528930.0,26103.432307,240571508.2401516
2020-02-05,64870.415615,613540574.7818311,661758.0,35375.605202,334620486.1373669
2020-02-06,64949.706588,631245079.8223811,682179.0,32143.454647,312506614.3866246
2020-02-07,43966.114632,430744860.1814393,582249.0,22733.988186,222761439.9557888
2020-02-08,43600.843666,427781790.200816,514573.0,22664.381837,222438123.8466874
2020-02-09,43408.475616,437441704.90539634,536848.0,22408.277327,225799470.0027466
2020-02-10,59573.084619,590091358.442907,690308.0,28618.883245,283509329.4368132
2020-02-11,62422.395224,624970415.4054742,710170.0,31905.31642,319373572.872505
2020-02-12,61008.06393,629756037.5160786,857655.0,31141.8077,321525481.5414018
2020-02-13,79344.358759,815507473.735361,932802.0,38475.272548,395629173.0386233
2020-02-14,47038.480173,482455622.0036259,622310.0,23697.005493,243079257.3055149
2020-02-15,57657.202947,580845331.1747847,739781.0,26758.580323,269731775.5031557
2020-02-16,60023.999537,592584876.9040861,708070.0,29406.136839,290482773.25193715
2020-02-17,70261.011901,680009637.6159953,778058.0,33221.839241,321724146.0973482
2020-02-18,70604.124019,696870122.812608,723413.0,37303.996326,368380176.64872575
2020-02-19,55162.586895,547679966.9292257,588760.0,25457.91648,253188749.12823528
2020-02-20,60152.342914,576020107.4626018,667387.0,29843.208875,285816414.8781603
2020-02-21,42181.554524,408286949.8035292,470599.0,21645.267614,209532434.5763331
2020-02-22,24636.757623,237544283.22525856,319961.0,13267.246511,127929552.9975982
2020-02-23,37702.089843,371815095.46744496,441935.0,20035.250549,197592792.8624695
2020-02-24,55796.59612,542081527.6408329,589384.0,26426.930644,256859539.02050737
2020-02-25,54379.344552,514946930.5660231,579079.0,26318.934158,249358678.88131347
2020-02-26,92130.345482,830717784.379095,871018.0,41928.874809,378197861.5816549
2020-02-27,72483.578762,636955872.7625463,696646.0,35410.014492,311229361.68385184
2020-02-28,71155.208977,615664817.0103912,655727.0,35295.606135,305533926.9847335
2020-02-29,36748.183035,318585951.9885324,414175.0,18916.854559,164044036.86872095
2020-03-01,43892.201779,375729315.25408256,472019.0,21838.368866,186962259.7068905
2020-03-02,60401.31773,528906629.5628192,564535.0,31213.080602,273395227.9483244
2020-03-03,55154.997282,484181096.3229557,512762.0,26954.229745,236655810.14459231
2020-03-04,38696.482578,338849891.9529354,454817.0,19279.33119,168832874.50723547
2020-03-05,58201.866355,524102029.20478296,619552.0,30482.082171,274387102.9108894
2020-03-06,43782.948044,397598476.4205629,493216.0,22296.560506,202484342.2211721
2020-03-07,45422.204525,409983263.789138,485400.0,22281.715855,201161181.30473223
2020-03-08,77537.315166,656931544.7821604,740741.0,34843.607849,295351474.4354491
2020-03-09,116968.863268,918787729.0855838,929234.0,58020.957927,455866837.3046225
2020-03-10,86783.443875,689700153.4490932,737528.0,43673.584024,347117049.3619673
2020-03-11,79942.411172,624465167.3648188,699401.0,40497.892738,316442882.7597013
2020-03-12,261505.608653,1628590104.2222133,1770812.0,119298.006197,743481672.2037649
2020-03-13,402201.673764,2063819540.638995,2309830.0,197511.954273,1017423855.7557492
2020-03-14,136910.135974,736651880.9210789,1106125.0,66104.019729,356020329.8521769
2020-03-15,139916.146534,753755706.4268771,1037714.0,70540.65095,380499471.94982266
2020-03-16,227276.92276,1113690309.1015868,1608176.0,108901.967366,533857910.81658685
2020-03-17,150089.926318,793147908.2684973,1069217.0,74698.374254,394902319.1241586
2020-03-18,137127.634894,719748122.45302,962843.0,65106.067778,341970839.5779824
2020-03-19,199020.873439,1164739707.514236,1403608.0,99011.947011,579536547.7582244
2020-03-20,219298.329514,1401734013.175202,1580069.0,104719.63918,670117999.1481416
2020-03-21,128913.668363,794962136.6384171,990974.0,63326.096852,390737241.11380976
2020-03-22,119115.990527,722895653.5100615,952259.0,57189.898349,347411876.3609581
2020-03-23,164674.215785,1015525672.0743864,1099406.0,84136.011728,519197453.1358876
2020-03-24,151138.009878,1001890515.2399886,1012669.0,72781.817328,482659188.5527676
2020-03-25,132155.734989,880250736.9079887,912179.0,63515.16835,423439621.6406946
2020-03-26,83026.555211,552537189.4793514,668467.0,41123.410506,273834254.4669247
2020-03-27,82914.968354,551326113.8552039,643631.0,38439.272216,255910741.8176017
2020-03-28,93159.693429,577986706.1289365,725588.0,44960.523438,279053353.63500285
2020-03-29,63311.627714,383707122.5009629,496709.0,29080.967922,176336037.90451324
2020-03-30,118889.549992,747569726.4544197,784034.0,58863.312983,370039956.0073812
2020-03-31,72337.595259,465780496.6224872,538231.0,34730.902334,223650665.2498105
2020-04-01,97500.7524,618527468.8341641,758061.0,49161.370195,312180122.9802661
2020-04-02,149299.906871,1014494762.4416422,1101043.0,74722.163748,508095825.9586769
2020-04-03,104080.276939,710254017.1002722,840456.0,51077.938671,348762338.666862
2020-04-04,72990.861139,495076283.5209041,659051.0,36419.056684,247173793.29146552
2020-04-05,49685.356983,337062083.0020279,506433.0,23875.578312,162008820.3887751
2020-04-06,118052.000832,837357664.6519214,956586.0,59322.208873,420706756.20827895
2020-04-07,103585.168918,757201786.6976632,924436.0,48811.267789,357008427.7255391
2020-04-08,76059.145838,555122600.2750258,750516.0,39000.552565,284685809.77746606
2020-04-09,61094.872417,444741085.9037586,686207.0,28801.892851,209718590.1428961
2020-04-10,104674.623375,727281590.7719399,949050.0,47958.960805,333222230.69815034
2020-04-11,45470.293206,311699573.516674,484618.0,21157.128381,145036158.54711846
2020-04-12,73868.666501,516235035.18651134,648323.0,35637.958687,249206873.1827196
2020-04-13,96415.476573,649390681.2485026,804179.0,44648.492187,300780988.70993096
2020-04-14,69068.623285,474794776.19211113,608665.0,32019.322337,220122993.7265764
2020-04-15,61571.384994,416947490.6156957,581374.0,29866.89225,202324176.1600371
2020-04-16,125009.857539,865277543.3946934,971163.0,63251.204331,438475139.1082971
2020-04-17,54126.509763,382334236.16947895,537554.0,25973.970677,183489537.174534
2020-04-18,49488.542819,354845083.77618897,494670.0,23980.644731,171950110.370116
2020-04-19,45664.86393,326485586.9317383,483574.0,21519.030976,153854417.3706887
2020-04-20,90149.49137,629612368.7476892,785174.0,40427.515933,282531224.312811
2020-04-21,60109.710808,411800606.0815972,555797.0,27732.164398,190003705.32072505
2020-04-22,61486.377334,431271646.17559904,508659.0,28258.859922,198241315.96185333
2020-04-23,102773.569561,756320213.5858521,881099.0,52475.598541,386041564.8244507
2020-04-24,60182.119939,452118137.7940016,601093.0,29412.509143,220931579.3206532
2020-04-25,43874.427726,331292050.77197313,521943.0,21111.140946,159480178.37989962
2020-04-26,50522.616209,384202783.2747096,554480.0,24707.494225,187939788.77144253
2020-04-27,65441.339576,504025811.6512535,637800.0,31594.106596,243380424.90896013
2020-04-28,46302.752638,357391780.93076265,499414.0,21305.50136,164468534.08844885
2020-04-29,183546.887514,1536390177.044949,1433128.0,91462.005617,765292175.0671884
2020-04-30,206277.214124,1839283907.46252,1661554.0,99484.476377,887675398.177694
2020-05-01,91468.815059,805640126.6308705,865960.0,44763.354481,394216389.9038655
2020-05-02,59002.08755,523838859.5442492,637884.0,30400.353449,269917468.3416013
2020-05-03,90126.065643,808427095.9321591,877460.0,44321.3704,397824441.8012372
2020-05-04,84418.512331,738343818.6939254,848802.0,39118.380222,342180074.58001775
2020-05-05,76480.765342,683083018.8779808,812543.0,37454.518379,334700993.4328503
2020-05-06,105925.30242,972793508.4649074,1007661.0,51189.790893,470167656.5656032
2020-05-07,147154.611378,1409783462.0063643,1254835.0,74602.193112,715407978.1961043
2020-05-08,100683.7964,997005843.7404792,967816.0,46207.637594,457701324.85886586
2020-05-09,81950.679567,795001351.6797023,839384.0,36738.679244,356475632.6589254
2020-05-10,183865.182028,1594996476.975637,1565771.0,84376.580774,731417660.3519951
2020-05-11,168807.251832,1468392820.7608037,1367382.0,81474.595067,708958944.1586587
2020-05-12,86522.780066,760195457.0509586,784859.0,40570.317401,356508014.1884676
2020-05-13,92466.274018,839725719.9602077,869216.0,43648.354655,396713970.0443314
2020-05-14,129565.37747,1247456797.8136663,1199530.0,63438.510993,611313934.3913236
2020-05-15,115890.761516,1099721375.8919058,1055630.0,55397.123434,525813199.3366492
2020-05-16,59587.627862,560547005.0259086,692028.0,28861.3682,271542836.2138013
2020-05-17,68647.764323,663088800.815278,722718.0,34734.034993,335478915.9764369
2020-05-18,82006.603583,797622297.3261683,794292.0,40242.842986,391957586.2005776
2020-05-19,78539.760454,760713946.0085461,773581.0,37821.719308,366745428.20816094
2020-05-20,74923.73809,721190802.7634026,731189.0,33481.796678,322416331.9624527
2020-05-21,108928.780969,1002046265.9412596,951971.0,49914.081138,459089374.1688796
2020-05-22,58943.131024,537847834.4967086,693694.0,28987.315896,264538897.2590252
2020-05-23,43526.296966,400407195.6289224,512460.0,21377.616332,196682791.1759357
2020-05-24,70379.86645,636787240.3733248,774088.0,32046.411444,290362268.4721472
2020-05-25,62833.910949,553545285.9140139,733557.0,30771.888744,271166770.9449384
2020-05-26,58299.770138,516455128.89068806,678304.0,28242.170083,250278944.16497475
2020-05-27,68910.355514,624660855.780037,662850.0,33532.620265,304057334.99150485
2020-05-28,74110.787662,693930106.1813825,738725.0,37974.899609,355720464.8630843
2020-05-29,57374.362961,542758086.6064702,593705.0,26819.212894,253696538.73175293
2020-05-30,55665.27254,530598690.0714505,651290.0,29252.679904,279016030.1311799
2020-05-31,48333.786403,461272298.8525205,651473.0,22778.001169,217450165.0180633
2020-06-01,76649.12696,749707596.6593573,826964.0,41530.412317,406777189.2831498
2020-06-02,108970.773151,1070060237.1302092,1004312.0,49354.907969,485973112.1935189
2020-06-03,46252.644939,441928818.0430156,562784.0,22656.30815,216537558.0168512
2020-06-04,57456.100969,557234945.6467389,665881.0,28778.237371,279263924.70782906
2020-06-05,47788.05005,465200788.2036338,566062.0,22329.107119,217444468.9505285
2020-06-06,32752.950893,315604867.2361491,435796.0,15832.693765,152610794.9455491
2020-06-07,57952.848385,556919603.7915448,637766.0,28426.595129,273242856.19134754
2020-06-08,40664.664125,395459395.8213372,485139.0,19744.039124,192037951.04548973
2020-06-09,46024.001289,447208895.8386983,551863.0,21901.19095,212965408.6778281
2020-06-10,47130.762982,462384305.3511993,560909.0,23128.161032,226982635.61915445
2020-06-11,94418.98473,902075648.5453848,966502.0,40972.064749,391689549.6579659
2020-06-12,50119.066932,472007894.3756753,553203.0,24344.81637,229325970.87113217
2020-06-13,27759.784851,261673162.2584724,392763.0,13531.007214,127577168.31734002
2020-06-14,30055.506608,282131272.3800662,415568.0,14465.416151,135811554.06421557
2020-06-15,86107.924707,793518842.5509845,839521.0,41630.747529,384031123.1817288
2020-06-16,52052.446927,494458269.1397911,543481.0,25692.839625,244097412.8828076
2020-06-17,48046.411152,453209812.2257806,536158.0,22842.831276,215532725.63392767
2020-06-18,37381.953765,351649555.0725387,475074.0,17940.405253,168801558.37933227
2020-06-19,45330.983673,423086965.1927383,503484.0,22055.969046,205898368.3401492
2020-06-20,30329.065384,282120360.5567526,382778.0,15125.081769,140741525.62068328
2020-06-21,24316.926234,227467940.6102112,321015.0,11779.797182,110215504.55537862
2020-06-22,57895.468343,550995799.0694704,588704.0,30738.200375,292712778.1434761
2020-06-23,41031.02938,395487616.460878,474319.0,19112.606216,184247416.84941235
2020-06-24,61571.561464,579426702.7966821,572362.0,26903.544061,253131387.5999213
2020-06-25,55831.619156,514396747.4047828,536205.0,26546.395563,244659133.8850236
2020-06-26,50292.298277,461347064.8295031,510947.0,23307.903475,213866832.83863124
2020-06-27,46290.930113,419606802.2372014,499415.0,21056.87686,191013780.26087573
2020-06-28,30688.176421,278721674.9221112,374404.0,14982.804528,136093615.8190654
2020-06-29,42120.293261,384206326.4706804,434299.0,20449.097796,186542867.41056207
2020-06-30,31463.162801,287781334.5170158,328083.0,15267.747467,139674651.10276634
2020-07-01,38488.528699,354087627.1696612,374832.0,19068.831705,175429466.2892198
2020-07-02,45725.168076,417724468.8873568,470292.0,21637.630489,197709875.2481568
2020-07-03,28943.420177,263123750.46717235,343189.0,13719.524517,124722413.0676146
2020-07-04,26441.968484,240576054.91572312,335225.0,13588.8196,123666216.06517516
2020-07-05,34073.653627,308410443.6592152,384500.0,16276.23427,147339875.53843993
2020-07-06,54463.132277,502548376.20946366,533540.0,28132.942222,259636973.335946
2020-07-07,34587.336678,320576525.3553498,433481.0,16284.849002,150931441.59977534
2020-07-08,56140.517781,525344876.6999235,652605.0,28067.680642,262723969.14964065
2020-07-09,48044.450645,447640493.54432976,575491.0,22644.915501,210991009.74510145
2020-07-10,38295.494006,352238898.7694825,525484.0,18360.613168,168904319.25502697
2020-07-11,22561.366,208410250.5095937,413452.0,10815.473293,99921646.88340026
2020-07-12,30872.702286,285591381.4915314,484875.0,14980.187704,138584259.00133508
2020-07-13,42740.069115,396614086.79627,642552.0,19689.443337,182734051.9507144
2020-07-14,45772.552509,421789086.4549474,613139.0,21666.536951,199673293.75001955
2020-07-15,39053.579665,360201683.4948052,554780.0,17977.679747,165822998.03166476
2020-07-16,43375.571191,395883667.0248003,681807.0,20410.130009,186271268.49276468
2020-07-17,28054.358741,256360345.57676792,470991.0,13397.537805,122434361.70789556
2020-07-18,22554.541457,206628105.3627889,430377.0,11502.704829,105387979.46391492
2020-07-19,26052.019417,238521988.0313255,440449.0,12873.373493,117870221.4249293
2020-07-20,35458.764082,325297289.27265835,557096.0,16527.692886,151623269.70394644
2020-07-21,60413.582486,563360524.7994282,782959.0,29470.512051,274802209.580128
2020-07-22,48815.004107,457776105.6155714,663029.0,23362.19379,219166005.90788165
2020-07-23,51856.2335,494282948.7336824,735371.0,24461.265468,233235064.19448093
2020-07-24,43931.136205,419240263.5218282,677725.0,20416.299973,194861143.5855291
2020-07-25,40679.545416,391431695.7168218,675222.0,19626.608893,188907762.7521463
2020-07-26,65279.269319,644607634.4817771,945611.0,33748.331807,333445554.97564465
2020-07-27,150188.933144,1580355372.0991795,1901088.0,76650.610051,806266386.3887895
2020-07-28,97267.734187,1065375500.1891888,1475636.0,46575.430534,510271018.989564
2020-07-29,76838.094233,853242253.6158237,1127302.0,36218.477065,402507227.0888237
2020-07-30,60794.826456,669779541.8872834,879960.0,28272.698765,311567992.0035252
2020-07-31,70063.660974,786344325.8552314,971584.0,34068.143365,382632611.4413553
2020-08-01,85087.485126,987817017.3186326,1174252.0,40523.733524,470714480.0111347
2020-08-02,97553.077604,1105757335.5281618,1459900.0,45974.786415,521934340.8317661
2020-08-03,56931.841475,641127593.2614517,919185.0,27133.035136,305554713.93730706
2020-08-04,58629.113709,658084242.6797222,863692.0,27861.615661,312734273.7930188
2020-08-05,74970.256852,861433645.4244397,964637.0,36130.384551,415113460.07729
2020-08-06,63529.08502,746479211.7155949,919918.0,30044.203297,353083043.8420358
2020-08-07,65755.926022,767005529.2821208,940045.0,29993.01871,349862123.7491068
2020-08-08,41858.16104,489087264.3602809,779318.0,20448.352618,238996465.9277036
2020-08-09,41493.067342,483708602.8963804,853386.0,19031.223314,221877538.8072692
2020-08-10,84952.337887,1009169063.3832128,1340835.0,42058.722455,499909664.3216916
2020-08-11,90748.284634,1049615697.1379416,1343979.0,41221.961009,476990926.5770558
2020-08-12,64909.613644,743303608.0999826,1104096.0,30943.672114,354308405.99191445
2020-08-13,70132.491502,809611114.2132484,1243382.0,34841.790602,402381474.7504298
2020-08-14,59818.852697,702273220.6964158,1011746.0,28464.669553,334192256.65110326
2020-08-15,56237.90505,667446824.0641296,1018956.0,27303.966321,324138943.4177591
2020-08-16,41368.236906,489731524.6369436,790240.0,19342.045312,229032803.39445427
2020-08-17,84734.21154,1026883452.894772,1210228.0,42291.086199,512410754.0903758
2020-08-18,75923.835527,920402307.1768104,1189390.0,35954.349975,436020475.3183466
2020-08-19,73940.169606,870612801.5295693,1258060.0,34861.135969,410547222.2597808
2020-08-20,46085.254351,543576025.0485107,798027.0,21992.907541,259381062.4646288
2020-08-21,64448.306142,755451999.6540914,1189668.0,30531.732866,357993659.7185244
2020-08-22,43678.701646,504305451.410864,809328.0,21605.070922,249466430.9099906
2020-08-23,37900.00469,440406018.65187865,627352.0,18514.627525,215154211.01204568
2020-08-24,46212.391867,542298951.538298,656584.0,22780.419488,267322530.4323263
2020-08-25,69590.923272,797034671.6452801,996668.0,33126.45198,379562265.5590256
2020-08-26,53998.231231,615452789.9673375,862654.0,25622.53674,291999409.36174107
2020-08-27,63246.036383,717474981.6640126,959270.0,30793.180668,349359723.857759
2020-08-28,45953.908365,525606229.654251,719985.0,21714.202859,248344753.1280814
2020-08-29,32973.7992,379228275.2707224,611834.0,15709.309985,180675288.37511048
2020-08-30,43177.879054,501375342.9350389,756541.0,22258.115902,258461346.45546263
2020-08-31,55353.617744,646723855.5714536,822062.0,26579.940284,310534861.6163953
2020-09-01,78148.193668,928047313.4889668,1321492.0,37476.019382,444996773.6683221
2020-09-02,87221.845602,1005391012.1338753,1373524.0,39972.309887,460939443.22481513
2020-09-03,121950.106015,1325106403.3158674,1611610.0,54266.83286,590230451.1123078
2020-09-04,92733.599113,959925718.3512754,1434860.0,42707.834666,442163704.1972196
2020-09-05,90001.605568,917578408.8761182,1476782.0,43478.132323,443342852.1870749
2020-09-06,56368.788815,574903000.2351745,1053192.0,28033.438827,285904912.7509627
2020-09-07,62620.230676,634278537.8151095,927363.0,30576.700673,309796338.54525113
2020-09-08,73491.878418,742947901.9712393,1048125.0,34410.81447,348048428.8837255
2020-09-09,49347.113776,503082625.2147909,755560.0,23815.412427,242759702.91500348
2020-09-10,58253.75375,602390078.4922807,851877.0,27690.112498,286362452.83931565
2020-09-11,43830.254467,451241002.66033626,637869.0,21231.610727,218592078.0289088
2020-09-12,35379.153096,366912671.4437269,577724.0,17560.768885,182148657.4569061
2020-09-13,43837.609865,455338605.3291489,692439.0,20785.517328,215965189.3161275
2020-09-14,67059.291361,706175591.3866128,828957.0,31880.363157,335719021.0389043
2020-09-15,61822.452786,666457161.1491377,893852.0,29744.087277,320640236.4058763
2020-09-16,64991.51244,708644989.4830699,884153.0,31740.511691,346117690.57309234
2020-09-17,55601.614529,605010288.7799246,829137.0,27029.927035,294147097.61187047
2020-09-18,47266.728275,516147935.6692284,717371.0,23044.919886,251654627.23674527
2020-09-19,38440.036858,423651901.1577304,620127.0,19923.059267,219623766.3129781
2020-09-20,39157.922565,426815210.7555122,646329.0,19437.694363,211845335.515648
2020-09-21,70683.431179,751020795.2358837,1028531.0,33628.930589,357346575.16901845
2020-09-22,43991.235476,460362500.7284081,738576.0,21497.461589,224981251.3286805
2020-09-23,51876.568079,539362015.157462,774391.0,25012.706819,260045385.6515704
2020-09-24,57676.619427,604520870.055638,789282.0,27946.804325,292936072.9870462
2020-09-25,48101.117008,512647249.14932007,733430.0,23566.330337,251168863.9271173
2020-09-26,28420.836659,304511477.6808554,502670.0,14314.531345,153391173.49799377
2020-09-27,30549.483253,327169249.4549957,516004.0,15101.03977,161737536.90897185
2020-09-28,50095.251734,544463219.5978092,686664.0,25219.073315,274111924.6613249
2020-09-29,41874.898399,449345822.46022886,587576.0,19896.076209,213544159.8565941
2020-09-30,39596.027322,425279696.28526336,595383.0,18712.059711,200976719.4408508
2020-10-01,60866.332893,652168989.4617349,794855.0,28449.975103,304779535.3819748
2020-10-02,50130.393705,526864379.3093653,777193.0,24123.902545,253507685.503587
2020-10-03,22298.221341,235160884.6085361,381329.0,10752.462882,113392722.76217198
2020-10-04,23212.001595,246252050.9068108,377553.0,12123.27565,128619845.13152088
2020-10-05,34025.761653,364158510.2379805,483340.0,15551.584387,166457546.86846152
2020-10-06,48674.740471,520051256.0821992,734526.0,23189.6899,247740447.636706
2020-10-07,32811.990279,348298562.85686266,503440.0,15783.355684,167548410.82933536
2020-10-08,51959.691572,559311760.4414803,659291.0,26482.599529,285240420.957764
2020-10-09,48240.073237,530822321.5162347,635681.0,25658.631396,282409996.0093115
2020-10-10,43648.036943,494785212.2308735,698561.0,22807.204651,258432465.7904096
2020-10-11,29043.851339,329927755.03808504,509714.0,14470.444269,164384653.13411286
2020-10-12,52825.28371,604779845.7920177,740823.0,26865.929321,307665447.3392344
2020-10-13,42205.283709,482663390.7240358,618262.0,19346.158605,221257357.56527472
2020-10-14,41415.106015,472007015.7209343,590025.0,19070.057307,217375960.31094745
2020-10-15,48760.717679,556436445.5576282,662386.0,24019.237669,274171016.90668136
2020-10-16,48797.749502,553211001.6122569,693210.0,22821.593484,258752919.3322408
2020-10-17,22368.915241,253582775.96265447,365973.0,10318.024614,116996094.14462668
2020-10-18,23284.041191,266150824.34809864,346946.0,12396.127099,141743879.128419
2020-10-19,47414.534692,550728683.7992793,650960.0,24716.395136,287236347.5490607
2020-10-20,62134.750663,737425592.0819718,906111.0,31911.708832,378905888.9600628
2020-10-21,114584.456767,1437122186.6339955,1453620.0,59033.671756,740274649.2807958
2020-10-22,70038.824144,905778888.8702906,1035811.0,33259.495044,430203750.0189252
2020-10-23,50386.999841,650680239.1101469,699313.0,24685.925495,318827712.1982008
2020-10-24,35952.20907,468299521.7696653,536821.0,18382.744579,239455378.09125665
2020-10-25,38481.579504,502672049.2290517,610498.0,17988.7671,235115943.82713217
2020-10-26,60951.672986,794395722.4533455,818144.0,29609.994698,385986654.6578821
2020-10-27,80811.01945,1085403903.1259663,1003615.0,39833.890541,534896062.83588016
2020-10-28,94440.561226,1263487952.995157,1234511.0,43387.692275,580505216.8726094
2020-10-29,74872.602132,997867948.8609744,1008433.0,37203.245658,495772429.354768
2020-10-30,70657.778881,946818817.5575092,1060387.0,34438.58889,461667557.3935712
2020-10-31,67339.238515,927048458.542362,1022202.0,35823.22565,493309455.8389813
2020-11-01,36285.648526,499124369.0753264,606248.0,17839.54476,245432626.6153179
2020-11-02,64566.421908,873629993.8313928,869850.0,29243.233664,395698601.61694086
2020-11-03,74115.630787,1009402087.7104616,1052569.0,38332.71333,522431362.8878826
2020-11-04,93016.988262,1293872665.4179618,1212959.0,45333.661596,630831907.0732926
2020-11-05,143741.522673,2131865609.2908912,1736055.0,72196.127118,1071067716.594869
2020-11-06,122618.197695,1909660728.8229203,1654968.0,58528.760533,911733812.2792956
2020-11-07,101431.206553,1536510177.0914738,1557021.0,46204.870621,700220031.3003472
2020-11-08,65547.178574,998031373.8397804,998773.0,31175.660892,474978556.3893792
2020-11-09,108976.334134,1670447935.514179,1505441.0,51350.446641,787324390.7670984
2020-11-10,61681.919606,943615126.0891504,1093466.0,28945.766567,442891690.0126002
2020-11-11,78469.746458,1226425496.3618553,1247167.0,40030.002173,625865373.3783411
2020-11-12,102196.356592,1628755508.6741984,1472049.0,50444.978874,804204066.4386283
2020-11-13,75691.881014,1230358611.1248891,1208773.0,35301.73094,574048021.7365239
2020-11-14,59116.347179,944765868.609419,931424.0,27724.767801,443001467.2233794
2020-11-15,43596.841513,696651729.7452534,854441.0,20853.270846,333239080.6418138
2020-11-16,81300.675924,1335728013.9057603,1202386.0,41370.213659,679593360.6495738
2020-11-17,115221.403102,1982752071.450512,1646652.0,58262.062597,1003081009.6160429
2020-11-18,149019.788134,2663337935.5002985,2091832.0,73412.736278,1312369471.6524818
2020-11-19,93009.561008,1656794228.8537636,1513304.0,45376.577851,808306886.9741908
2020-11-20,88423.018489,1623135138.5910714,1444692.0,43549.51207,799574963.8058716
2020-11-21,75577.458394,1413641591.284171,1451352.0,36788.094693,688352207.1131533
2020-11-22,81645.737778,1497662550.0540428,1528524.0,39164.42638,718709271.1371768
2020-11-23,82961.506093,1529064319.6694436,1629379.0,39611.360617,730350629.7170513
2020-11-24,113581.509241,2145301450.4579413,2179862.0,58179.200882,1098976481.125705
2020-11-25,93266.576887,1774870796.2882328,1785408.0,44575.076758,848724583.3300526
2020-11-26,181005.246693,3127314143.1045747,2770483.0,84478.809131,1459155975.9531505
2020-11-27,85297.024787,1446670351.435088,1572299.0,42507.358433,720985570.3407377
2020-11-28,64910.69997,1128061605.1072252,1209385.0,31785.706898,552044705.3606101
2020-11-29,55329.016303,996743798.8649216,1141289.0,27883.985296,502287686.119384
2020-11-30,115463.466888,2205929119.5053363,1744149.0,61033.414903,1166943549.1842446
2020-12-01,127698.762652,2446070334.828799,2023802.0,63805.392898,1223282816.3192167
2020-12-02,75911.013478,1436895344.8259494,1566635.0,36421.690398,689901298.5700688
2020-12-03,66689.391279,1286548310.8267057,1242229.0,33868.341698,653783366.9045953
2020-12-04,71283.6682,1358079975.0254982,1286657.0,32363.453715,616745259.3145112
2020-12-05,42922.748573,813445434.1308142,932124.0,21360.260281,405002656.0699713
2020-12-06,37043.091861,709558933.5829058,820382.0,19009.407663,364303500.9570982
2020-12-07,41372.296293,793517668.683946,840954.0,18881.806014,362249650.0534163
2020-12-08,61626.947614,1160658077.404659,1143181.0,27811.37851,524064471.55038375
2020-12-09,79585.553801,1450130664.0645845,1302476.0,36809.009287,671042442.4745308
2020-12-10,52890.675094,966149529.0006073,891151.0,25604.608069,467840780.52674687
2020-12-11,72610.724259,1301081647.3079002,1117810.0,34194.988471,612882050.9167273
2020-12-12,49519.978432,915552835.9061834,891810.0,26056.332648,481756117.716001
2020-12-13,56560.821744,1083520569.094854,938022.0,29593.4651,566907850.6233119
2020-12-14,47257.201294,906101687.739595,842382.0,22657.463401,434506325.32761055
2020-12-15,61834.366011,1196361527.9258018,1046423.0,31194.160849,603826364.4139218
2020-12-16,114306.33557,2325135958.6418414,1659135.0,61245.262375,1245917122.172021
2020-12-17,184882.476748,4196645567.425877,2795084.0,92409.405079,2097021808.629566
2020-12-18,79646.134315,1820875361.2945976,1613775.0,38359.302158,877296889.5114686
2020-12-19,86045.064677,2018969878.8868675,1678611.0,42709.111498,1002105538.8592924
2020-12-20,76690.145685,1810862074.730308,1743225.0,37124.115358,877166936.6057343
2020-12-21,88030.297243,2035446293.928971,1593949.0,41983.046103,971417184.6896445
2020-12-22,87033.12616,2010758620.243527,1496277.0,42681.326708,986428672.7376072
2020-12-23,119047.259733,2797688007.0718794,2194611.0,56660.201961,1332358610.2684052
2020-12-24,69013.834252,1602394244.0767715,1421257.0,35789.111319,831484211.6986719
2020-12-25,79519.943569,1919766316.6677368,1504426.0,41219.088164,995215944.5725682
2020-12-26,97806.513386,2496533065.1755805,1735574.0,49839.034072,1272279529.8870606
2020-12-27,148455.586214,4028928683.882025,2438493.0,72649.340484,1972635486.1835065
2020-12-28,79721.742496,2151806808.5743527,1508204.0,37895.345621,1023061029.3655896
2020-12-29,69411.592606,1851617219.7682345,1605166.0,34276.922601,914954320.8347604
2020-12-30,95356.057826,2683953237.460271,1916095.0,48057.906366,1352877359.6514735
2020-12-31,75508.505152,2173600125.420074,1552793.0,36431.62208,1049389143.5562063
2021-01-01,54182.925011,1582526989.1618726,1314910.0,27455.801725,802247744.5451041
2021-01-02,129993.873362,4073842163.671541,2245922.0,67446.305246,2110334723.8871453
2021-01-03,120957.56675,4057598425.492016,2369698.0,59750.332871,2004428433.931846
2021-01-04,140899.88569,4429010349.695345,2642408.0,69088.46923,2173435409.016988
2021-01-05,116049.997038,3743617144.6469154,2526851.0,59691.754755,1927195093.6415496
2021-01-06,127139.20131,4431954248.519614,2591783.0,63052.914652,2199632470.221549
2021-01-07,132825.700437,5062569943.383371,2814686.0,65055.107136,2482583239.8564973
2021-01-08,139789.957499,5568443208.731365,2925632.0,67300.155216,2684975445.978905
2021-01-09,75785.979675,3054779029.1617765,1998156.0,37007.321909,1491990705.5516992
2021-01-10,118209.544503,4604034729.507071,2628050.0,55451.344673,2160976896.8280272
2021-01-11,251156.138287,8497730017.898506,4472957.0,123241.588782,4171891522.056786
2021-01-12,133948.151996,4651302423.484117,2674145.0,65098.310196,2261732478.8300514
2021-01-13,124477.914938,4322876606.419626,2514289.0,63981.038306,2222872691.371912
2021-01-14,102950.389421,3974826638.1450887,2297466.0,51264.467092,1979442593.05
2021-01-15,118300.920916,4371588898.681637,2560801.0,57738.03422,2133723812.7598624
2021-01-16,86348.431508,3178840336.1492844,2066363.0,42420.423736,1563160122.0113344
2021-01-17,80157.727384,2843103040.240664,1860642.0,39513.638561,1402648632.851225
2021-01-18,70698.11875,2554843260.524399,1707766.0,35621.506048,1289347187.166529
2021-01-19,79611.307769,2935348499.344214,1939371.0,38704.68162,1428235709.8519692
2021-01-20,89368.422918,3126721093.5207763,2234539.0,42546.634077,1489289968.43647
2021-01-21,135004.076658,4386783586.504226,2881505.0,63256.210448,2057240516.6191928
2021-01-22,142971.684049,4483295872.022273,2707810.0,70150.188455,2201161570.4986706
2021-01-23,64595.287675,2089098295.758437,1700056.0,32680.776128,1057114174.5522273
2021-01-24,57978.037966,1864609665.3657017,1528287.0,27826.119197,895721122.0169544
2021-01-25,88499.226921,2958759288.5635686,2106548.0,44489.524132,1488432034.4924214
2021-01-26,84972.20691,2708545364.4946413,2010392.0,42402.312917,1352678098.866321
2021-01-27,95911.961711,2958081421.641559,2065953.0,46664.381638,1440079785.1205118
2021-01-28,92621.145617,2953553214.065682,2060660.0,46067.782326,1468956156.4850712
2021-01-29,231827.005626,8195593336.228467,4403349.0,116537.247847,4121941033.637325
2021-01-30,84889.68134,2884500062.9380784,2201040.0,42418.467099,1441981400.6536384
2021-01-31,68742.280384,2289641045.7580123,1707064.0,32480.447358,1082502551.5205712
2021-02-01,82718.276882,2791776658.0056057,1810492.0,41855.841486,1413158966.728098
2021-02-02,78056.65988,2716321896.3176084,1789672.0,39216.563106,1364790964.6368997
2021-02-03,80784.333663,2951232788.184305,1881740.0,39863.07506,1456248046.1419172
2021-02-04,92080.735898,3452669022.1532927,2211866.0,45516.21369,1707710013.8895383
2021-02-05,66681.334275,2509278291.7515864,1853253.0,32756.385031,1232713879.8381383
2021-02-06,98757.311183,3922095148.928151,2291646.0,52015.513362,2065180747.347224
2021-02-07,84363.679763,3256521384.240611,1976357.0,40764.388959,1574482907.563902
2021-02-08,138597.536914,5881536976.635699,3230961.0,72345.891568,3069313839.441136
2021-02-09,115499.861712,5386255398.017187,3119034.0,57429.564347,2679451036.491804
2021-02-10,97154.1822,4431650130.251105,2891592.0,47971.985731,2190231238.817587
2021-02-11,89561.081454,4185630934.410895,2570949.0,46138.33674,2158335922.692323
2021-02-12,85870.035697,4080571908.967661,2418841.0,41841.039135,1990472918.9285848
2021-02-13,63768.097399,3007710147.4181595,2058823.0,30996.309859,1462495399.9928117
2021-02-14,73735.475533,3584808348.8347325,2090070.0,38752.156681,1884009921.0628607
2021-02-15,79398.156784,3782219060.664722,2313155.0,38176.364661,1819251655.7814271
2021-02-16,88813.266298,4349983777.692368,2199849.0,45608.603838,2236524604.988356
2021-02-17,85743.637818,4365831514.815298,2514374.0,45055.446241,2294099235.2800226
2021-02-18,60758.046954,3149973077.487466,1891592.0,28893.358623,1498231635.8439088
2021-02-19,79659.77802,4251167827.684247,2339215.0,40556.020246,2164871310.2239413
2021-02-20,80948.205314,4551890859.8512745,2642846.0,38636.066274,2172833878.4409647
2021-02-21,58166.708511,3317998263.3478894,1950533.0,29506.089085,1683107088.1573696
2021-02-22,134019.434944,7213386720.436798,3313083.0,63677.661979,3427217154.5209727
2021-02-23,169375.025051,8215839131.243385,3825196.0,82464.142992,4002195292.097356
2021-02-24,91881.209252,4574033001.379536,2194532.0,45750.714831,2278566606.1383467
2021-02-25,83310.673121,4152188728.141615,2305679.0,40610.664759,2026068517.6463616
2021-02-26,109423.200663,5086374532.734615,2371766.0,53626.904622,2494190193.252283
2021-02-27,66060.834292,3105897438.550972,1757720.0,31987.019647,1505012110.949598
2021-02-28,83055.369042,3708359965.454581,1838345.0,40688.17185,1817797446.602381
2021-03-01,85086.111648,4057515794.865728,2147223.0,42616.994361,2032566685.614307
2021-03-02,64221.06214,3120472069.909453,1855583.0,31377.038077,1525145370.1435206
2021-03-03,81035.913705,4109521257.540701,2242131.0,40955.368399,2077586898.6782105
2021-03-04,82649.716829,4079837240.856762,2291936.0,40269.977888,1987955554.8048143
2021-03-05,78192.496372,3727133104.8373103,2054216.0,38318.310377,1827025012.217549
2021-03-06,44399.234242,2143910705.2915032,1476474.0,21500.615617,1038365872.9799548
2021-03-07,55235.028032,2778875909.4491262,1758101.0,27885.596964,1402782879.7211535
2021-03-08,66987.359664,3400847931.036074,1999401.0,33595.42957,1706117798.1054995
2021-03-09,71656.737076,3861450964.654904,2194398.0,35011.541086,1886844773.68463
2021-03-10,84749.238943,4700197563.359213,2647284.0,42651.887405,2366856292.866772
2021-03-11,81914.812859,4612366201.00222,2509970.0,40603.449668,2288704819.0951066
2021-03-12,73405.406047,4162054726.378839,2489931.0,35802.941462,2030616300.473432
2021-03-13,83245.091346,4933383453.245978,2559002.0,44387.231918,2631390814.772793
2021-03-14,52601.05275,3176397573.8846426,1829769.0,25325.26705,1530051005.3980403
2021-03-15,102771.427298,5874241052.093372,2683815.0,49825.438347,2848907086.6343694
2021-03-16,77986.694355,4304259207.6451,2241208.0,37825.501493,2088111362.5512383
2021-03-17,70421.620841,3960992972.154292,2204296.0,34778.745775,1957825522.6803288
2021-03-18,66580.406675,3900885761.212806,2040947.0,32287.379911,1892327691.3666964
2021-03-19,52392.652961,3052711147.934925,1885830.0,25552.511223,1489274083.2643423
2021-03-20,44476.941776,2616535093.051585,1724131.0,22212.446723,1307023993.1234434
2021-03-21,48564.470274,2774223129.62381,1773546.0,23648.941676,1350989191.2768383
2021-03-22,62581.626169,3527479514.325653,1927345.0,30749.059028,1733579080.5690005
2021-03-23,59789.365427,3264650774.817461,1740349.0,29563.40974,1614722150.8192563
2021-03-24,83537.465021,4583159614.046461,2401988.0,39323.130067,2161386678.806821
2021-03-25,87400.534538,4536327184.95786,2099425.0,42947.397733,2229351569.587026
2021-03-26,63813.774692,3397036140.751637,1773150.0,31822.545238,1694326043.3371158
2021-03-27,50105.475055,2767070175.861931,1528776.0,24739.948471,1365965317.2505236
2021-03-28,39050.387511,2178777329.4452167,1551283.0,19262.725935,1074959545.959009
2021-03-29,67857.937398,3877131109.734646,1983437.0,34373.804556,1963800173.6560595
2021-03-30,55122.443122,3221944107.4550304,1612744.0,27541.52668,1610812657.9299018
2021-03-31,60975.542666,3575976083.804576,1928224.0,31074.813187,1823822792.91045
2021-04-01,47415.61722,2789238879.9433737,1594431.0,22966.256736,1351151697.892222
2021-04-02,47382.418781,2811159761.2684674,1666356.0,23695.695154,1406393729.8307693
2021-04-03,47409.852113,2783151686.164537,1606805.0,23057.967017,1353960264.6219623
2021-04-04,41314.081973,2380139010.7302327,1499113.0,20609.134161,1187123542.579883
2021-04-05,54258.01579,3155214764.164485,2035877.0,27269.49269,1586344787.554169
2021-04-06,54201.000727,3166911557.1481576,1960513.0,26699.197872,1560539125.7780592
2021-04-07,71228.405659,4053294016.484514,2206433.0,34737.582155,1977438033.9286296
2021-04-08,44283.147019,2531779682.552427,1661080.0,22161.69051,1267126859.4438906
2021-04-09,40831.884911,2378340697.289584,1615962.0,20354.234456,1185679367.9100363
2021-04-10,69906.424117,4197138552.4690337,2470398.0,36018.637566,2162858397.75344
2021-04-11,41156.715391,2462032926.6179814,1746102.0,20798.058779,1244349091.4434774
2021-04-12,56375.037117,3393042867.8714666,1806298.0,27645.201153,1664588823.4110289
2021-04-13,82848.688746,5154877375.389618,2703735.0,41662.533028,2592724448.3698506
2021-04-14,82616.343993,5239081228.156977,2645625.0,40070.377527,2542171083.4126883
2021-04-15,51649.70034,3248931738.293182,1938028.0,25628.168379,1612303095.2882545
2021-04-16,91764.139884,5647292669.615494,2639940.0,43570.023147,2680750914.504573
2021-04-17,58912.256128,3605701810.675047,2268816.0,28386.274106,1737722135.379506
2021-04-18,124882.131824,6949379727.429154,3444089.0,59404.616809,3303953081.096218
2021-04-19,78229.042267,4398619580.647143,2390527.0,38362.384979,2156617047.238732
2021-04-20,72744.482151,4037701391.6195264,2148820.0,35519.589727,1971916967.5849755
2021-04-21,66984.756909,3704549578.6973033,2134946.0,32188.929493,1780065583.272094
2021-04-22,104656.631337,5594983857.318092,2744621.0,50550.77147,2703745286.3887057
2021-04-23,132230.780719,6571097317.467918,2888237.0,63769.621253,3170392794.0548844
2021-04-24,55361.512573,2762081002.878663,1164985.0,26782.233007,1336607709.8567977
2021-04-25,58255.645004,2867858315.18732,1475479.0,27767.331394,1367920871.5281663
2021-04-26,86310.802124,4555688503.397388,2174544.0,43183.936749,2277375506.8553133
2021-04-27,54064.034675,2949719328.3669896,1568666.0,25631.074629,1398731801.1763363
2021-04-28,55130.459015,3020242787.5066776,1830042.0,26762.033422,1466278915.015322
2021-04-29,52486.019455,2823220335.4760413,1763676.0,25339.743902,1362821167.9325397
2021-04-30,68578.910045,3808187372.7393794,2267648.0,35634.129087,1978866536.224178
2021-05-01,42600.351836,2460342954.8425207,1743013.0,20574.810226,1188354972.0137234
2021-05-02,36812.878863,2089763230.439627,1371638.0,18172.891836,1031569632.4391578
2021-05-03,57649.931286,3337604542.627381,2102128.0,28536.055533,1652286174.1582646
2021-05-04,85324.625903,4705402064.300975,2492629.0,41029.688246,2262794503.8147497
2021-05-05,77263.923439,4327994296.151437,2378119.0,38729.475016,2170539511.7772765
2021-05-06,70181.671908,3992289527.737097,2459881.0,34248.899643,1949210281.6920164
2021-05-07,74542.747829,4239374487.474773,2361692.0,36877.602566,2097609397.229757
2021-05-08,69709.906028,4079553831.988064,2311378.0,34329.699156,2009442622.588905
2021-05-09,69806.11991,4043552701.5066,2170139.0,34301.050457,1987959541.940182
2021-05-10,89586.34925,5131782639.966137,2575419.0,43057.977029,2468201497.967572
2021-05-11,64329.54055,3583030654.763019,1911480.0,30880.828339,1720075588.2236335
2021-05-12,99842.789836,5476115093.110468,2676826.0,48299.826001,2654897646.092577
2021-05-13,147332.002121,7303694688.601401,3570506.0,71742.003359,3558735468.004596
2021-05-14,80082.204306,4015904915.407911,2095860.0,37184.128863,1864162620.5027144
2021-05-15,89437.449359,4350775846.517358,2286791.0,42257.918463,2056302844.861021
2021-05-16,114269.812775,5367497608.115901,2661295.0,53797.590877,2528671396.10802
2021-05-17,166657.172736,7346755531.933858,3216821.0,80610.146581,3555755756.3229218
2021-05-18,116979.860784,5146670282.547902,2561165.0,55703.00041,2450848779.21598
2021-05-19,354347.243161,13477694934.871798,6331062.0,168271.347308,6410032516.523526
2021-05-20,203017.596923,8019897067.17622,4269898.0,100167.126413,3959645913.2324944
2021-05-21,202100.888258,7713346610.274129,3993336.0,94002.431409,3591749386.78765
2021-05-22,126542.243689,4730567647.674401,2716691.0,63310.452012,2367081500.530058
2021-05-23,217136.046593,7431242463.203842,4082004.0,104637.659409,3584259319.7463818
2021-05-24,161630.893971,5996773032.151345,3510578.0,81584.825314,3031032098.518881
2021-05-25,111996.228404,4253519579.378729,2508310.0,54153.536814,2057463609.950911
2021-05-26,104780.773396,4113717505.2635546,2432319.0,50485.076994,1983423341.5599248
2021-05-27,86547.158794,3361413526.053544,2102182.0,42256.012801,1641681553.5291371
2021-05-28,135377.62972,4926260941.933614,2659178.0,64327.281853,2341060689.073459
2021-05-29,112663.092689,3949843335.322595,2169643.0,54284.199652,1904345668.7790065
2021-05-30,73535.386967,2601994948.148242,1559892.0,37406.813903,1324617922.554574
2021-05-31,94160.735289,3406047734.8311286,1896359.0,46337.932504,1677796724.0573616
2021-06-01,81234.66377,2973928300.375587,1760417.0,40291.834851,1475008291.233647
2021-06-02,67587.372495,2523462575.688437,1530915.0,34328.496287,1281854474.912083
2021-06-03,75889.106011,2930945325.709207,1949658.0,38664.297849,1493504667.613802
2021-06-04,91317.799245,3379399754.9305224,1926311.0,43105.97173,1595098152.966827
2021-06-05,70459.62149,2560547116.8364058,1463754.0,34397.77436,1249708171.2723916
2021-06-06,47650.206637,1711857075.0471697,993430.0,23661.260636,850204250.7625557
2021-06-07,77574.952573,2755673601.713914,1532260.0,36431.560586,1295757611.708646
2021-06-08,123251.189037,4030784324.609684,2074885.0,60095.990201,1966354847.569198
2021-06-09,136607.597517,4794741674.438823,2601479.0,68790.289265,2415789675.0859303
2021-06-10,109527.284943,4062957162.3643,2231430.0,53639.424022,1990486079.2177143
2021-06-11,78466.0053,2903043643.310072,1727645.0,39406.719224,1458619433.2768435
2021-06-12,87717.54999,3132387326.5375137,1719650.0,42571.205313,1520432734.299909
2021-06-13,86921.025555,3208991521.63768,1894103.0,45675.273616,1688611358.4117024
2021-06-14,108522.391949,4320307646.765389,2185089.0,53645.908744,2135285912.620505
2021-06-15,80679.622838,3247746713.62741,1931890.0,39428.829726,1587381565.815413
2021-06-16,87771.976937,3450556041.600584,2134897.0,42137.242251,1657135674.8230214
2021-06-17,79541.307119,3065622530.039886,1620210.0,37936.812673,1462729677.1158257
2021-06-18,95228.042935,3507868126.3062024,1809253.0,44824.436567,1651613641.3868167
2021-06-19,68712.449461,2453817534.777169,1212278.0,33788.293345,1207082481.7647178
2021-06-20,89878.17085,3124634336.8407607,1691871.0,44194.067387,1537385055.4929118
2021-06-21,168778.873159,5545926077.788067,2688993.0,81297.469751,2671033140.1889787
2021-06-22,204208.179762,6406159197.076789,3113977.0,99149.182266,3115465362.967081
2021-06-23,126966.100563,4282250433.919445,2026228.0,63340.033137,2136458765.586804
2021-06-24,86625.80426,2925373222.105977,1531230.0,43994.708298,1486960778.326773
2021-06-25,116061.130356,3846120542.6572967,2094932.0,55656.156252,1846078278.3047829
2021-06-26,107820.375287,3376415451.793124,1814051.0,52978.159256,1659918820.240478
2021-06-27,96613.244211,3199980157.7503333,1799875.0,48772.52918,1616348030.4826243
2021-06-28,82222.267819,2837122779.5244017,1868627.0,40552.29218,1399861431.1646347
2021-06-29,90788.79622,3233947791.8633885,1673802.0,45376.587629,1616093004.8521647
2021-06-30,77152.197634,2688939291.095673,1301036.0,37035.769674,1290873346.2241623
2021-07-01,71708.266112,2410809595.390457,1240681.0,34986.055016,1176002216.565681
2021-07-02,56172.181378,1870193042.393537,1176457.0,27271.658005,908203511.3411496
2021-07-03,43044.578641,1478423023.503483,1078278.0,21331.875045,732586226.4725718
2021-07-04,43703.475789,1544458212.3926332,1164970.0,21180.335069,748187394.2395809
2021-07-05,64123.874245,2183406257.4938293,1109367.0,31489.855372,1071967415.425311
2021-07-06,58210.596349,1991691100.9482656,1184687.0,27801.954493,951269024.0379496
2021-07-07,53807.521675,1857658028.480804,1041416.0,27294.923927,941984587.9756222
2021-07-08,70136.48032,2304973020.298715,1257892.0,35104.655225,1152928339.821843
2021-07-09,47153.939899,1562958239.3913765,1236351.0,23660.068601,784288611.1325287
2021-07-10,34761.175468,1171790111.0829954,865508.0,17012.759197,573638406.5470238
2021-07-11,31572.647448,1070033013.1920449,952891.0,16434.537508,557336788.6966077
2021-07-12,48181.403762,1620646741.334963,1176847.0,22602.907306,759877911.0350466
2021-07-13,41126.361008,1348583017.010343,956053.0,19588.278507,642576716.6041436
2021-07-14,46777.823484,1515692074.9875476,1123129.0,22516.485719,730009068.0708964
2021-07-15,51639.576353,1652077965.43656,1099367.0,24866.405787,795831015.696149
2021-07-16,48499.864154,1538342711.5796566,1067591.0,23963.744568,760274744.5520707
2021-07-17,34012.242132,1072815966.3363076,883442.0,16649.051308,525240023.82137984
2021-07-18,35923.716186,1140964365.6466014,760979.0,17554.182653,557709781.1191803
2021-07-19,47340.468499,1470563281.936503,846029.0,22709.510045,705480091.1446748
2021-07-20,61034.049017,1821230700.020391,1062139.0,28424.82505,847855259.1399382
2021-07-21,82796.265128,2603140706.0822244,1415058.0,42584.672219,1338356405.541932
2021-07-22,46148.092433,1482763544.9505365,1000742.0,23274.512805,747848528.8767201
2021-07-23,50112.863626,1631947003.0730467,1394786.0,25018.977079,815391041.1933738
2021-07-24,47977.550138,1625046258.4365523,1196914.0,23937.617814,810983258.0424594
2021-07-25,47852.928313,1646935552.8055446,1245775.0,24632.1493,848320775.42419
2021-07-26,152452.512724,5832475057.065677,3330102.0,77191.346075,2953296773.15355
2021-07-27,88397.267015,3335658261.995547,1938478.0,45137.303439,1703810516.3378596
2021-07-28,101344.528441,4040889461.661528,2631048.0,49019.136276,1954994215.004612
2021-07-29,53998.439283,2154190697.3453183,1428738.0,26700.926244,1065505374.5052506
2021-07-30,73602.784805,2939833541.3815365,1797012.0,37730.426862,1509172746.2039788
2021-07-31,44849.791012,1868285510.8846788,1565380.0,22844.24505,951887855.6214968
2021-08-01,53953.186326,2227567271.487865,1603964.0,25796.753795,1066579608.8398236
2021-08-02,50837.351954,2010928003.5944088,1162878.0,24558.005343,971596720.9467592
2021-08-03,57117.435853,2195360658.567329,1379871.0,27683.466598,1064118781.8498572
2021-08-04,52329.35243,2028792778.184805,1220555.0,26804.211169,1039347051.5555266
2021-08-05,84343.755621,3314527738.339733,1913281.0,41673.129081,1638359889.802016
2021-08-06,75753.941347,3148022459.9161587,2223356.0,38278.004758,1591634314.1008012
2021-08-07,73396.740808,3197407326.036793,2258213.0,37355.623845,1627865923.8789735
2021-08-08,69329.092698,3074924734.87934,1857112.0,34099.15066,1512451140.3989158
2021-08-09,74587.884845,3362870286.258118,2130595.0,38464.60543,1735618666.8181322
2021-08-10,53814.643421,2452485823.9336543,1951330.0,26592.369314,1212338434.7318356
2021-08-11,52734.901977,2432788769.8326964,1862925.0,27064.393843,1248929298.8285875
2021-08-12,55266.108781,2478758524.8641763,1623329.0,26765.08804,1200329050.573911
2021-08-13,48239.370431,2239435701.117792,1804716.0,25367.988236,1177391788.09299
2021-08-14,46114.359022,2166461458.668249,1849556.0,22999.528519,1080741765.6874592
2021-08-15,42110.711334,1950753713.2121248,1580122.0,21129.919776,979120004.202834
2021-08-16,52480.574014,2462127629.609024,1655378.0,25847.872438,1213162181.6654189
2021-08-17,57039.341629,2616339597.9157424,1781303.0,27320.261808,1253906922.5820968
2021-08-18,54099.415985,2439673265.947117,1656723.0,28538.223727,1286718404.7064972
2021-08-19,53411.75392,2416320067.133769,1774382.0,27193.50515,1230827552.4101412
2021-08-20,56850.352228,2721131744.277817,1950404.0,29725.885112,1422944576.3472955
2021-08-21,46745.136584,2290966131.376161,2069725.0,23119.673786,1133342367.7445276
2021-08-22,37007.887795,1807169840.169172,1610192.0,18587.877552,907708162.1109709
2021-08-23,52462.541954,2616721363.685172,2143309.0,26218.97512,1307817635.390983
2021-08-24,51014.594748,2486079315.564424,1692896.0,24702.923443,1203899649.6998262
2021-08-25,44655.830342,2149442271.5264206,1559186.0,21796.877672,1049712097.3482182
2021-08-26,49371.277774,2333900030.229628,1532753.0,23686.563496,1120008931.619874
2021-08-27,42068.104965,2007071230.219995,1320503.0,21727.05079,1036769755.559603
2021-08-28,26681.063786,1303966035.7705495,793012.0,13895.763677,679193791.5995204
2021-08-29,32652.283473,1588661416.3603797,1193046.0,16157.043096,786599088.6916698
2021-08-30,40288.35083,1932344430.923926,1204012.0,19637.84056,942218565.0215596
2021-08-31,48645.52737,2303799571.3822727,1300400.0,24426.21235,1156878830.6908386
2021-09-01,49904.65528,2386074445.415852,1280384.0,25102.36864,1200480555.049387
2021-09-02,54410.770538,2704192314.674689,1549849.0,28351.807225,1409412062.219681
2021-09-03,59025.644157,2949574478.071738,1645163.0,29625.443383,1481238133.394633
2021-09-04,34664.65959,1733527136.4442587,1225830.0,16739.70385,837225473.735276
2021-09-05,40544.835873,2049212025.844659,1417660.0,21557.235864,1090239906.6856637
2021-09-06,49249.667081,2549290983.0568776,1678015.0,24620.352525,1274643403.547947
2021-09-07,123048.802719,6004105772.870442,3321711.0,57935.601976,2832268574.038726
2021-09-08,65069.3152,3000605793.938961,1796101.0,31796.7476,1466544608.2678735
2021-09-09,50651.66002,2351862983.5182414,1567586.0,24183.38803,1122994690.9093316
2021-09-10,49048.26618,2243698626.0395164,1569941.0,24358.59799,1114490733.8792434
2021-09-11,30440.4081,1380370764.0127168,1060890.0,14804.3426,671123069.5623685
2021-09-12,32094.28052,1464780920.2199812,1179808.0,15735.45104,718436012.7588656
2021-09-13,65429.15056,2930668118.2616343,1703512.0,32041.05972,1435586958.779868
2021-09-14,44855.85099,2072259519.06192,1210258.0,22182.46649,1025156547.7189184
2021-09-15,43204.71174,2056996398.8439617,1176050.0,20903.53535,995198313.7474113
2021-09-16,40725.08895,1948447232.9107168,1176129.0,19907.79151,952502982.8119016
2021-09-17,34461.92776,1637122049.4128375,1033968.0,16599.46162,788563444.4133477
2021-09-18,30906.47038,1491461627.9514225,976346.0,15219.90487,734476256.0995072
2021-09-19,29847.24349,1421642879.4932065,909785.0,14346.79979,683249734.0721828
2021-09-20,78003.524443,3457139274.300071,1842231.0,36108.362951,1600107748.5660272
2021-09-21,84534.080485,3551997786.690356,1820721.0,38942.74356,1637800328.5038831
2021-09-22,58349.05542,2482639471.907596,1304011.0,29321.5066,1248027083.190341
2021-09-23,48699.57655,2147211305.482089,1196106.0,24503.00365,1080404499.5649571
2021-09-24,84113.426292,3596718231.050549,1819744.0,41952.776582,1794510963.779781
2021-09-25,33594.57189,1428238748.2095258,949787.0,16555.7295,703947971.383276
2021-09-26,49879.99765,2124657079.2797768,1374145.0,24762.74447,1055225792.1285858
2021-09-27,39776.84383,1728912299.8034244,1001487.0,19307.85346,839585982.3907081
2021-09-28,43372.2624,1816305387.838858,1045389.0,20710.0903,867306872.2124455
2021-09-29,33511.53487,1399625476.0563762,884909.0,16338.4266,682466342.7870586
2021-09-30,46381.22781,2005486003.5646768,1197815.0,23348.93974,1009687948.2258337
2021-10-01,66244.87492,3076094886.592474,1771237.0,34156.88321,1585411525.337827
2021-10-02,30508.98131,1459064880.5324447,996116.0,15180.50362,726007609.1562026
2021-10-03,30825.05601,1482764462.1905775,1114294.0,15426.81514,742443046.4075491
2021-10-04,46796.49372,2258464361.1263566,1437692.0,23032.4914,1112232800.7886517
2021-10-05,52125.66793,2618101829.0177226,1641651.0,26687.41046,1341045872.9987288
2021-10-06,79877.545181,4236927265.381522,2443126.0,40664.027517,2158326113.6632404
2021-10-07,54917.37766,2983143121.088643,1703147.0,26485.89849,1438826617.038987
2021-10-08,46160.25785,2522087625.0940795,1548832.0,22643.19334,1237799956.8681743
2021-10-09,55177.08013,3024862790.6955924,1609483.0,27686.74749,1518044340.2089689
2021-10-10,89237.836128,4923958325.389876,2427176.0,44656.915748,2464422246.842279
2021-10-11,52933.165751,2994673617.7236485,1690409.0,26858.829013,1519825843.1170497
2021-10-12,53471.2855,3017210682.8859496,1554412.0,26157.44247,1477084242.54916
2021-10-13,55808.44492,3123307687.477303,1610489.0,27985.13207,1566812325.67564
2021-10-14,43053.336781,2481915791.591235,1372048.0,21940.264979,1265138476.865594
2021-10-15,82512.908022,4959389368.726733,2649137.0,43913.676331,2638969873.669803
2021-10-16,35467.88096,2173374058.808911,1360379.0,17286.46284,1059536457.6160172
2021-10-17,39099.24124,2371696294.7973056,1331655.0,19289.94298,1170524004.7692945
2021-10-18,51798.44844,3195091233.4205527,1629184.0,25859.08539,1595447836.139042
2021-10-19,53628.107744,3370863940.269437,1755708.0,27436.545484,1724665979.8435092
2021-10-20,51428.934856,3362878816.4045925,1823286.0,27623.990526,1806653764.6708329
2021-10-21,68538.64537,4407757970.879756,2181665.0,32008.51421,2060110973.805894
2021-10-22,52119.35886,3229377744.3114257,1555280.0,25440.69118,1576807744.195897
2021-10-23,27626.93678,1686121722.2187824,982103.0,13352.56908,815306581.3357304
2021-10-24,31226.57676,1889694558.9504948,1052085.0,15682.1686,949151331.8623388
2021-10-25,36853.83806,2309339650.10938,1270453.0,18577.25472,1164150305.9348185
2021-10-26,40217.50083,2492606133.3189454,1334460.0,18699.28475,1160289812.695996
2021-10-27,62124.49016,3688306192.972418,1913083.0,29983.43122,1780494793.5603175
2021-10-28,61056.35301,3677629851.059607,1878275.0,30447.44205,1835335717.8149133
2021-10-29,43973.90414,2706090987.3096256,1417344.0,22262.86881,1370325591.0001447
2021-10-30,31478.12566,1937860260.4380624,1197748.0,15583.51105,959369103.6133327
2021-10-31,39267.63794,2396556477.343494,1563417.0,19362.08206,1181449065.6191804
2021-11-01,44687.66672,2737282804.738131,1472636.0,22139.95506,1356676790.5772643
2021-11-02,46368.2841,2909221038.40065,1858362.0,23852.14282,1496448016.5988712
2021-11-03,43336.09049,2713389500.4663587,1601925.0,20662.34777,1294306441.66844
2021-11-04,35930.93314,2218138026.7045407,1346081.0,17843.38035,1101751566.3843453
2021-11-05,31604.48749,1943346371.470386,1243074.0,15769.15494,969780612.6853932
2021-11-06,25590.57408,1556774943.5537283,965309.0,12511.52761,761294376.4716995
2021-11-07,25515.6883,1585744720.199772,1068629.0,13567.09782,843384435.4409548
2021-11-08,54442.094554,3575716171.0443,2349581.0,28879.186436,1897321249.827841
2021-11-09,44661.378068,3014326962.087268,1847655.0,22243.236452,1501548663.7926426
2021-11-10,65171.504046,4335575752.805223,2347934.0,31344.743321,2088305177.7774785
2021-11-11,37237.98058,2415537333.57771,1327827.0,18589.51479,1205890453.6044016
2021-11-12,44490.10816,2844286547.5040407,1479149.0,21028.45541,1344883879.1387346
2021-11-13,22504.97383,1442441613.5983925,904149.0,11094.05209,711146514.0645869
2021-11-14,25705.07347,1658473781.2937696,951393.0,12629.83414,815039550.9471319
2021-11-15,37829.37124,2460915922.876128,1305209.0,19160.47382,1247275595.4355905
2021-11-16,77455.15609,4705744041.299647,2353681.0,36375.32415,2209839153.369724
2021-11-17,46289.38491,2767802055.200423,1471305.0,22545.24375,1348537946.9526918
2021-11-18,62146.99931,3644824179.1448526,1960419.0,29742.20507,1745202989.742389
2021-11-19,50715.88726,2896189975.910774,1560459.0,24072.28575,1374771758.2367315
2021-11-20,33811.5901,1982718831.1570773,1200190.0,16682.28087,978340154.0756932
2021-11-21,31902.22785,1886578154.5167089,1249219.0,14949.12309,884084155.7068344
2021-11-22,51724.32047,2968622334.1376567,1624768.0,24834.9816,1425668562.211665
2021-11-23,49917.85017,2837210673.4885187,1570845.0,25217.65003,1433171468.6668608
2021-11-24,39612.04964,2246374244.330568,1432991.0,19625.09659,1113184375.6794689
2021-11-25,42153.51522,2455658857.700593,1604266.0,21112.80397,1230022891.730095
2021-11-26,65927.87066,3649353860.4295664,2138184.0,31287.4699,1731974879.8668964
2021-11-27,29716.99957,1623173123.4917316,1110145.0,14462.93801,790191540.9148489
2021-11-28,36163.7137,1982198373.532835,1253408.0,18520.69985,1016073216.5947642
2021-11-29,40125.28009,2313371348.113543,1349625.0,19520.25038,1125240984.5522516
2021-11-30,49161.05194,2823644073.021905,1587472.0,23867.80287,1371720422.255628
2021-12-01,44956.63656,2584928714.0757422,1442301.0,21501.29463,1236414404.9088528
2021-12-02,37574.05976,2127110102.1073096,1307890.0,18375.47518,1040366894.5501271
2021-12-03,58927.69027,3246198505.946852,1865063.0,27287.25751,1505556556.1578631
2021-12-04,114203.373748,5495712061.978532,3362771.0,52876.55238,2544632557.496252
2021-12-05,45580.82012,2231486105.843912,1371839.0,22420.90324,1097785758.5909762
2021-12-06,58571.21575,2851528919.1795363,1741956.0,28820.34753,1403464676.8850937
2021-12-07,38253.46877,1950573500.2086656,1212350.0,18679.11099,952551067.6259856
2021-12-08,38425.92466,1925458787.1147523,1118225.0,18126.84362,908410692.2460092
2021-12-09,37692.68665,1841474998.89511,1130599.0,18097.0596,884082539.7047912
2021-12-10,44233.57391,2135023722.853152,1215231.0,21143.96129,1020995576.3025668
2021-12-11,28889.19358,1397524635.581402,957390.0,14452.26806,699251597.8052382
2021-12-12,26017.93421,1292315883.6245537,863605.0,13266.00955,658923314.8679801
2021-12-13,50869.52093,2423888500.790305,1399599.0,23487.0228,1119972248.5384023
2021-12-14,39955.98445,1887427362.4740963,1194992.0,20010.80589,945501336.1569144
2021-12-15,51629.181,2487012309.0915494,1438176.0,25861.16891,1246095378.459541
2021-12-16,31949.86739,1551200654.052745,1023983.0,15281.92439,742115283.5773988
2021-12-17,43104.4887,2015966349.5161324,1261780.0,19846.77192,928665863.5850744
2021-12-18,25020.05271,1165205135.7008426,862066.0,12635.54707,588649454.2725667
2021-12-19,29305.70665,1384958598.3627698,874827.0,14646.77828,692559814.2285637
2021-12-20,35848.50609,1663363117.8304534,1076488.0,17666.32749,819817570.663743
2021-12-21,37713.92924,1827234149.0598805,1119412.0,19356.27006,937648412.2221354
2021-12-22,27004.2022,1322418595.3337295,949480.0,13402.54963,656467230.7563097
2021-12-23,35192.54046,1738129830.7814522,1176050.0,17397.67034,859605116.679757
2021-12-24,31684.84269,1618089927.2810063,1075177.0,15108.36362,771557283.6260679
2021-12-25,19135.51613,971491029.130824,766979.0,9928.30266,504102529.5288982
2021-12-26,22569.88914,1132200241.5624182,797133.0,11285.69707,566374786.7160686
2021-12-27,28792.21566,1472065236.0117192,1009411.0,14436.09322,738369203.3321569
2021-12-28,45853.33924,2242102220.931003,1345774.0,21743.17013,1063171693.1535624
2021-12-29,39498.87,1873785571.2732968,1114074.0,19089.6191,905969695.64254
2021-12-30,30352.29569,1428755720.453203,910157.0,14886.52375,700792256.6883159
2021-12-31,34937.99796,1650715977.918517,1059783.0,17315.5423,818331688.0033131
2022-01-01,19604.46325,924155159.5834866,714899.0,9942.36679,468738711.7901065
2022-01-02,18340.4604,866610995.5633582,709624.0,9166.46954,433182392.2819466
2022-01-03,27662.0771,1292203508.325655,885624.0,13524.76045,631879430.11428
2022-01-04,35491.4136,1649170424.1276133,1021815.0,17689.26808,821725463.0808074
2022-01-05,51784.11857,2334288544.645448,1478532.0,23552.9946,1063287226.3571414
2022-01-06,38880.37305,1674466154.4383326,1150707.0,19268.82662,829886561.8261453
2022-01-07,54836.50818,2293851015.4652367,1406635.0,26519.39261,1109740200.2387211
2022-01-08,32952.73111,1367233494.827767,1021908.0,16462.53747,683155535.4215348
2022-01-09,22724.39426,952830064.5125848,752733.0,11399.78979,478046850.277152
2022-01-10,50729.17019,2088111339.5055964,1250983.0,24654.54811,1015935553.4027652
2022-01-11,37296.43729,1574803608.9600787,1015526.0,18521.95391,782176383.1010936
2022-01-12,33943.2928,1470906437.7120714,1023902.0,17584.31885,762205618.815565
2022-01-13,34910.87762,1515944525.4954948,1036234.0,17175.40587,746075123.2441132
2022-01-14,32640.88292,1392000443.3501675,946938.0,15434.18945,658472386.2432475
2022-01-15,21936.05616,946488263.548448,752688.0,11133.18615,480516487.1849679
2022-01-16,20602.35271,887203134.0531468,732171.0,10052.19291,432899939.6738643
2022-01-17,27562.08613,1169381684.4668436,918029.0,13448.54192,570690475.9728293
2022-01-18,29324.08257,1228459687.3994458,905061.0,14527.82371,608578954.6171259
2022-01-19,31685.72159,1327478459.1602297,924528.0,15603.74304,653807601.6725059
2022-01-20,42330.33953,1784801200.404487,1098761.0,20201.47991,852629490.2787864
2022-01-21,88860.891999,3405501703.2219367,2092561.0,41615.085819,1595831787.700032
2022-01-22,90471.338961,3207531048.030652,2099978.0,42722.278233,1514027491.3203938
2022-01-23,44279.52354,1572414639.0428774,1142407.0,22841.39451,811501507.0363061
2022-01-24,91904.753211,3192041586.10319,1999352.0,46469.272938,1615890700.8425
2022-01-25,49232.40183,1799224214.4997392,1248246.0,24988.42876,913198135.6036832
2022-01-26,69830.16036,2627491976.6908574,1584468.0,35240.31542,1326474948.4632242
2022-01-27,53020.87934,1925920128.3436604,1308408.0,26750.94594,971815942.2707556
2022-01-28,42154.26956,1560203931.220128,1061101.0,21496.47551,795847847.5123422
2022-01-29,26129.49682,989652386.9966494,816601.0,13292.42156,503624477.659453
2022-01-30,21430.66527,812750216.6010319,698593.0,10798.3846,409620744.0169444
2022-01-31,36855.2458,1386754529.0295446,936014.0,18422.26954,693360023.3316519
2022-02-01,34574.44663,1334266166.7099988,917617.0,17730.99304,684446571.1793659
2022-02-02,35794.6813,1353093948.9776013,907905.0,17251.43687,652533107.6999176
2022-02-03,32081.10999,1179502838.6566265,848961.0,16468.10233,605530493.5816588
2022-02-04,64703.95874,2526572562.058285,1380724.0,33053.66668,1291953441.5589995
2022-02-05,32532.34372,1349805515.9300363,1006352.0,16566.08602,687352854.8254198
2022-02-06,22405.16704,934168802.8801152,788291.0,11546.39088,481652514.3718321
2022-02-07,51060.62006,2204523609.903396,1473274.0,25457.79986,1099936959.0396457
2022-02-08,64880.29387,2847485971.4977336,1653350.0,33004.09337,1448178622.4660032
2022-02-09,34428.16729,1512500139.1430995,1066395.0,17115.60108,752210712.4118421
2022-02-10,62357.29091,2772188373.222783,1541483.0,30323.12245,1348871895.8677204
2022-02-11,44975.1687,1937866768.5059533,1169354.0,22063.76915,950913914.0296428
2022-02-12,26556.85681,1123136004.7237246,830322.0,12814.60322,542061655.4291937
2022-02-13,17732.08113,750533311.6529565,624898.0,8333.13302,352741586.0597297
2022-02-14,34010.1306,1436927831.4445865,867622.0,16912.76672,714598651.165975
2022-02-15,38095.19576,1672855933.625659,990694.0,19180.32434,842363401.2128453
2022-02-16,28471.8727,1250973502.3018453,823745.0,14106.69537,619773473.0165873
2022-02-17,47245.99494,1993400162.9480667,1067658.0,21468.60602,906038209.7818584
2022-02-18,43845.92241,1765622365.9527562,1025882.0,20609.06764,829953072.4139525
2022-02-19,18042.0551,721960636.0646693,586653.0,8374.975,335209843.631803
2022-02-20,33439.29011,1293216601.4518795,811235.0,15338.25392,592897166.4491583
2022-02-21,62347.68496,2382027320.8617606,1352290.0,30617.13558,1170272316.2758772
2022-02-22,53785.94589,2010628230.7549176,1212527.0,27322.73575,1021948126.9253064
2022-02-23,43560.732,1665486687.239937,1030872.0,21449.9558,820639942.0318317
2022-02-24,120476.29458,4335107392.009488,2622780.0,60103.1314,2164376869.726107
2022-02-25,56574.57125,2197889580.282669,1408558.0,29904.01589,1161436657.8296285
2022-02-26,29361.2568,1152621719.69438,924257.0,14658.93596,575852237.9808168
2022-02-27,46229.44719,1780512702.886402,1265753.0,21789.2508,840141690.3293545
2022-02-28,73945.63858,2975160226.1689854,1931087.0,38543.78078,1553136662.0034585
2022-03-01,61743.09873,2701611023.69432,1866871.0,30937.54085,1353520463.0084743
2022-03-02,57782.65081,2550792948.2886243,1653131.0,28624.1131,1264172354.0456262
2022-03-03,50940.61021,2192152097.925188,1289320.0,24438.40113,1051969942.211232
2022-03-04,61964.68498,2527001270.719469,1465066.0,29322.62323,1196441375.2961826
2022-03-05,30363.13341,1187689935.0879934,879727.0,14846.61434,580820200.9425652
2022-03-06,39677.26158,1542258009.6292188,986352.0,19055.16367,740741244.8965172
2022-03-07,63994.11559,2449362161.7015386,1456041.0,31641.49735,1211103666.7671783
2022-03-08,55583.06638,2149652714.8043456,1271128.0,27964.07361,1081516303.5940902
2022-03-09,67392.58799,2797240840.960747,1570230.0,34598.34753,1435303843.9873853
2022-03-10,71962.93154,2854310740.807673,1512655.0,33804.27456,1340241708.0012028
2022-03-11,59018.7642,2305825015.6010857,1252571.0,29148.02045,1139093538.3524642
2022-03-12,24034.36432,939663387.3149892,671733.0,11869.94851,464113572.6085631
2022-03-13,32791.82359,1268441605.1866877,841844.0,15150.32067,586406176.6009938
2022-03-14,46945.45375,1821922588.4472065,1114899.0,24146.76237,937313460.6262864
2022-03-15,46015.54926,1796571984.458497,1060517.0,22657.90532,885084067.9857315
2022-03-16,88120.76167,3552563766.3655386,2051837.0,44119.65664,1779529342.3189175
2022-03-17,37189.38087,1521083189.7108624,935784.0,18580.98075,760015585.8029839
2022-03-18,45408.00969,1862337033.4847207,1065054.0,22374.92757,918115615.0464844
2022-03-19,29067.18108,1216709156.4428053,801197.0,14463.06148,605480703.8859774
2022-03-20,30653.33468,1273880705.2502496,799695.0,14636.72662,608328201.7906688
2022-03-21,39426.24877,1618789548.0684214,947206.0,19079.42652,783366152.1200151
2022-03-22,59454.94294,2525975507.8012,1367343.0,30215.54785,1283334795.3252618
2022-03-23,40828.87039,1725787170.5823965,916671.0,20211.34116,854479820.5334152
2022-03-24,56195.12374,2436258223.6223383,1202541.0,27963.10189,1212354441.1395836
2022-03-25,54614.43648,2421153187.6604123,1141588.0,27819.34765,1233475690.3636422
2022-03-26,23041.61741,1022802857.60941,693647.0,11422.59021,507079959.2099111
2022-03-27,41874.91071,1907019662.3441496,1135096.0,21674.84642,987241345.646293
2022-03-28,58949.2614,2789898402.616576,1498975.0,29097.75719,1377280753.9727275
2022-03-29,36772.28457,1748600385.4502351,1095678.0,18192.3742,865179145.1756456
2022-03-30,40947.2085,1932152559.883112,1081607.0,20896.43399,985946938.5682786
2022-03-31,48645.12667,2262485160.568584,1290541.0,22879.47328,1064278670.6426108
2022-04-01,56271.06474,2556532890.870311,1372216.0,28041.37621,1274359931.8405368
2022-04-02,37073.53582,1721690754.4393935,1056716.0,18562.93079,862197811.5688924
2022-04-03,33394.67794,1550999693.0508049,966563.0,16740.18067,777615974.8155177
2022-04-04,44641.87514,2053434523.8685389,1171998.0,21913.04154,1008164276.0490184
2022-04-05,42192.74852,1951668192.9295096,1046080.0,20607.57735,953494654.4599284
2022-04-06,60849.32936,2700644700.890392,1471912.0,29467.28381,1307725131.1946254
2022-04-07,37396.54156,1623879486.6600313,999816.0,18567.25999,806358703.2156662
2022-04-08,42375.04203,1830699971.611312,1108136.0,20530.56354,887196762.4943209
2022-04-09,17891.66047,759274586.6137776,640230.0,8910.47179,378158044.3039713
2022-04-10,22771.09403,971459737.5009404,678983.0,10952.24952,467438845.4221835
2022-04-11,63560.44721,2602039073.0150447,1385924.0,30543.05561,1251713135.500008
2022-04-12,57751.01778,2309514071.593873,1153667.0,28344.99788,1133659106.655711
2022-04-13,41342.27254,1677171454.091079,948061.0,20522.54699,832653378.5114936
2022-04-14,36807.01401,1494726286.01801,803756.0,17787.82129,722216571.859389
2022-04-15,24026.35739,966888436.8162508,616536.0,11755.54439,473100437.4733753
2022-04-16,15805.44718,638275503.9141085,423446.0,7642.38243,308642382.8796384
2022-04-17,19988.49259,803414248.9836985,590241.0,9578.91533,385124871.4665126
2022-04-18,54243.49575,2153574975.9131336,1157741.0,27097.19375,1076513006.7058177
2022-04-19,35788.85843,1472363265.362188,934526.0,17806.81506,732539241.889679
2022-04-20,40877.35041,1697039284.0853007,1063843.0,20007.29623,830754792.6236624
2022-04-21,59316.27657,2476061417.8872576,1515456.0,29413.89548,1228429890.9573543
2022-04-22,46664.0196,1870172362.40225,1043471.0,23248.71242,931654706.5531976
2022-04-23,20291.42375,804677022.9078971,724132.0,10217.20484,405193110.9436816
2022-04-24,26703.61186,1056336243.0198607,868183.0,12639.70229,500129939.0779573
2022-04-25,63037.12784,2470071005.2401423,1280351.0,31958.39557,1252785476.6028605
2022-04-26,66650.258,2615206861.8349133,1381618.0,31936.9422,1253685872.4445755
2022-04-27,57083.12272,2218523642.426387,1232083.0,28942.08915,1124748467.7003632
2022-04-28,56086.6715,2223808385.8063755,1135242.0,28519.46629,1130865428.7936184
2022-04-29,51453.65715,2006135662.8559992,1101140.0,24773.60543,966125835.4961329
2022-04-30,35321.18989,1354900532.1335113,1017369.0,16523.43017,634076437.1873089
2022-05-01,38812.24104,1478259271.913873,1021157.0,19551.11747,744825800.8143975
2022-05-02,53200.92628,2058450718.2963235,1053893.0,27276.29561,1055369693.1339272
2022-05-03,40316.45358,1539320434.2647235,1005131.0,20002.76343,764016892.6745052
2022-05-04,62574.61736,2438553987.453544,1238847.0,32968.16942,1284541284.6021378
2022-05-05,88722.43355,3329684235.963952,1979692.0,41786.44096,1568954443.5851629
2022-05-06,68437.80187,2466507512.182029,1214518.0,34536.42346,1245062436.8376348
2022-05-07,34281.70682,1222539413.6400983,746488.0,15385.18829,548855038.2356379
2022-05-08,72445.64344,2498365159.9945807,1301451.0,32350.03935,1115547715.9145274
2022-05-09,191876.926428,6166367111.275724,2564538.0,86538.962569,2781053306.4725456
2022-05-10,165532.00311,5179856929.47993,2470325.0,73691.196106,2307177624.541944
2022-05-11,207063.739278,6300295994.553139,3559270.0,99622.117475,3036296142.0982084
2022-05-12,204507.263138,5795451310.945579,3951233.0,101465.278257,2877462252.2122283
2022-05-13,97872.36957,2956855804.856112,2051900.0,48827.72764,1475641181.96275
2022-05-14,51095.87863,1501483453.5008905,1204626.0,25908.17135,761545954.1904565
2022-05-15,46275.66912,1401499926.2304175,1016769.0,24163.362,732332763.6094486
2022-05-16,73082.19658,2185567735.682062,1561954.0,36284.05379,1085179422.7219367
2022-05-17,56724.13307,1715109131.0802064,1175382.0,28600.36238,865031716.5404288
2022-05-18,59749.15799,1762843836.126938,1379212.0,29501.76769,870623227.207057
2022-05-19,67877.36415,2014360135.785272,1860780.0,35339.65787,1049163442.9020371
2022-05-20,60517.25325,1800589029.270878,1694004.0,30890.40127,919467696.618159
2022-05-21,20987.13124,616194663.9792111,643486.0,10558.92886,310046148.8025876
2022-05-22,36158.98748,1082530816.01625,862880.0,18538.10071,555044195.7973803
2022-05-23,63901.49932,1914305818.074519,1328317.0,30476.66811,913813980.9533184
2022-05-24,59442.96036,1740257602.3067698,946421.0,29480.07674,863516681.5129281
2022-05-25,59537.38659,1771708175.0718913,985440.0,28846.96589,858587338.503838
2022-05-26,94581.65463,2759055410.397752,1431112.0,45206.85416,1319426335.716236
2022-05-27,90998.5201,2626515958.50349,1321406.0,43590.05398,1258912486.7048602
2022-05-28,34479.35127,994674257.5679232,684423.0,17561.21465,506633343.6800464
2022-05-29,27567.34764,804777532.6497605,635311.0,13735.42581,401056725.5655391
2022-05-30,96785.9476,2980527582.4674954,1380410.0,45024.45633,1384940691.9669578
2022-05-31,62433.11632,1981259117.0115464,1161340.0,30046.95511,953574564.3261106
2022-06-01,103395.63382,3171191028.249736,1404611.0,47614.81205,1460767260.6962943
2022-06-02,56961.42928,1711652906.191896,1086183.0,28555.06607,858193492.4047692
2022-06-03,54067.44727,1615616950.714381,993769.0,26583.25141,794354787.342094
2022-06-04,25617.90113,760874329.4663156,618037.0,12971.7246,385358236.9157799
2022-06-05,23139.9281,691201528.1600258,604680.0,11753.51303,351150600.7844381
2022-06-06,68836.92456,2149499896.934937,1124745.0,34225.53913,1068381827.9889436
2022-06-07,110674.51658,3347397952.7305903,1743957.0,54831.53114,1661147413.2582464
2022-06-08,68542.61276,2087270428.3470392,1236327.0,32668.41005,995180478.2745384
2022-06-09,46291.1865,1399839073.774508,841562.0,23082.29251,697948605.9884633
2022-06-10,76204.2498,2255866294.494887,1258608.0,35502.20972,1050877735.8447756
2022-06-11,65901.39895,1892007188.0756,1084163.0,31848.3308,914365117.8340094
2022-06-12,92474.598809,2551767136.329585,1451271.0,43538.78641,1201389150.8900456
2022-06-13,254611.034966,6192246037.404874,3261484.0,121398.556133,2953984191.5180387
2022-06-14,187201.64671,4136108699.025428,2583151.0,92764.742864,2051107738.6303785
2022-06-15,200774.493467,4249276481.256697,2847831.0,98340.102217,2083014439.1952903
2022-06-16,99673.59429,2130037160.0626109,1690477.0,48048.86237,1027305936.8191556
2022-06-17,86694.33663,1796575392.5507207,1352992.0,43066.94445,892584106.6574169
2022-06-18,196441.655524,3726639821.696151,2467372.0,96560.044649,1833514054.889341
2022-06-19,128320.87595,2487561781.535987,1950660.0,65871.82216,1277952917.4081194
2022-06-20,109028.94154,2220396381.7426524,1639448.0,54047.82476,1100883996.500353
2022-06-21,104371.0749,2198596137.343284,1515321.0,52193.33566,1099446297.122863
2022-06-22,92133.97938,1872204589.2375813,1394981.0,44907.30453,912710764.7302252
2022-06-23,83127.08716,1710694866.4572449,1207858.0,42716.83721,879244263.2830158
2022-06-24,77430.36622,1635129191.170251,1309709.0,38582.36962,815027131.3205568
2022-06-25,51431.67794,1093873137.974752,874540.0,25240.18142,536863288.4627487
2022-06-26,53278.10464,1139258367.162915,885306.0,26051.16372,557192553.7220398
2022-06-27,64475.0013,1354369225.8404648,1002214.0,31992.4604,672191483.8106796
2022-06-28,63801.0832,1321862977.9315486,1064497.0,30490.78532,631852171.7596262
2022-06-29,77309.04379,1556549790.008924,1210636.0,37814.12159,761473366.3908588
2022-06-30,93846.64806,1808994369.031444,1438163.0,45447.98482,876020577.3495957
2022-07-01,111844.59494,2197016369.9695287,1668363.0,56417.61783,1108492421.9565265
2022-07-02,46180.3021,888415536.8730664,833508.0,23693.90779,455851305.3763755
2022-07-03,51087.46631,980255891.3952552,880786.0,25361.96292,486752875.4369991
2022-07-04,74814.04601,1470987695.521582,1282843.0,38543.72441,758241531.9880207
2022-07-05,96041.13756,1919950110.1674304,1612273.0,48358.47507,967109793.3844756
2022-07-06,82439.5808,1665481948.009632,1472221.0,41580.73433,840150579.642686
2022-07-07,85014.58261,1783224085.7236798,1653722.0,42731.5372,896703207.2104565
2022-07-08,403081.57349,8781330156.61243,4358216.0,201798.10144,4396546053.031909
2022-07-09,178417.84468,3857190523.494272,3524386.0,89418.01811,1933132016.304726
2022-07-10,192188.21556,4062794310.272034,3434401.0,95376.75351,2016291891.374369
2022-07-11,137535.40724,2813718031.1093426,3232941.0,66869.47065,1368289522.9848232
2022-07-12,139506.45862,2754215439.3324776,3626399.0,67681.11612,1336338002.7004988
2022-07-13,209250.24888,4096306063.801935,4789109.0,103667.13511,2029863027.178718
2022-07-14,174809.21696,3526210098.285044,4576355.0,87993.05801,1775442258.4092436
2022-07-15,143343.3049,2984339734.3532705,4411375.0,71354.9491,1485929119.4276447
2022-07-16,121011.67393,2539616922.7986083,3723401.0,61225.46264,1285100231.955788
2022-07-17,118229.4525,2511251392.5765257,4261057.0,59550.95291,1265042502.4618275
2022-07-18,239942.73132,5263396811.539256,6564387.0,122398.31862,2685273104.2955766
2022-07-19,263770.76574,5954419902.221928,6488375.0,132874.43405,2999605957.303951
2022-07-20,238762.17094,5631801151.220376,6364038.0,119820.55352,2826789486.1693096
2022-07-21,184817.68191,4232411759.395025,4808194.0,92958.794,2128895623.659983
2022-07-22,171598.43966,3981394766.228058,4745582.0,85026.96828,1973166657.8835504
2022-07-23,122137.77375,2745262660.6777816,3762227.0,61569.86415,1383868861.284547
2022-07-24,115189.67277,2610817967.1639385,3671238.0,58086.99433,1316724597.4433148
2022-07-25,180344.76643,3954002948.5472574,4807238.0,88021.9456,1930051719.273192
2022-07-26,177817.24326,3738774849.3577113,4545385.0,87353.4604,1836821500.4933045
2022-07-27,210971.19796,4614909656.6957855,5475738.0,106519.12743,2330764840.646868
2022-07-28,236029.0741,5511388547.615389,6500034.0,118170.70945,2759524239.0245447
2022-07-29,198298.50623,4733780641.305037,6221401.0,100165.6085,2391310897.487863
2022-07-30,151060.13211,3634601094.96542,4801528.0,75778.59282,1823456271.8759687
2022-07-31,127743.32483,3028386330.644831,4463721.0,63737.43859,1511326027.2234037
2022-08-01,144210.16219,3346371889.652122,4775213.0,71458.39583,1658446268.2253966
2022-08-02,158073.28225,3631020649.2263794,5066511.0,78122.08501,1794828205.6239038
2022-08-03,145948.80995,3385430753.8050184,4887642.0,72355.55623,1678928892.7538445
2022-08-04,154854.67016,3537434334.434649,4966138.0,76123.82073,1739248152.8679466
2022-08-05,175251.69749,4046435951.354509,5340569.0,88240.55478,2037539950.682064
2022-08-06,83911.80307,1944693656.706568,3360228.0,41438.9761,960462308.0530334
2022-08-07,88890.00877,2051763044.552369,3646643.0,44744.90366,1032885708.1753824
2022-08-08,170958.44152,4078052110.543128,5892045.0,85942.29725,2050118384.21205
2022-08-09,143182.50858,3347110918.907211,5105613.0,70598.77953,1650310502.5693648
2022-08-10,208916.54953,4918825599.489632,6818207.0,105046.91327,2473680340.3238072
2022-08-11,249759.79557,6097813762.895935,8269994.0,125001.90721,3051727583.877025
2022-08-12,174207.5704,4175834601.8605466,6134163.0,87283.3227,2092464530.227176
2022-08-13,152852.25435,3751417148.252107,5617859.0,76352.504,1873989924.2022443
2022-08-14,151206.14473,3708565144.898009,5473905.0,75296.97372,1847145729.8789525
2022-08-15,242539.54758,5894066098.523285,7488466.0,120284.46467,2923411975.708476
2022-08-16,179324.94821,4294907691.6509495,5978567.0,89812.55435,2151240576.2261777
2022-08-17,210668.68766,4993659434.236888,6901586.0,105158.87989,2493209361.502229
2022-08-18,144185.97011,3375338942.2617874,6029662.0,71864.05086,1682458592.207561
2022-08-19,283995.87747,6181759252.730264,8860928.0,139601.81043,3038568050.675256
2022-08-20,183041.68363,3871242921.22468,5723362.0,91862.59461,1943014391.246253
2022-08-21,159200.6841,3405034922.807078,5034461.0,80239.2419,1716250543.035858
2022-08-22,222222.04526,4721412016.903412,6443370.0,110925.72751,2356921868.623943
2022-08-23,200967.77164,4299812533.944709,6333442.0,101222.30098,2165911837.12369
2022-08-24,174383.22046,3744196823.564854,5561412.0,86499.84759,1857345193.8069584
2022-08-25,169915.78301,3672148286.6013737,5618785.0,84555.07067,1827390010.1745017
2022-08-26,273811.61955,5785149465.09769,7587244.0,135780.72507,2869440464.9916983
2022-08-27,162582.46032,3269764074.35644,5263328.0,80922.99413,1627546028.5246556
2022-08-28,139307.95976,2781133881.051846,4678693.0,69363.5072,1384969093.7702348
2022-08-29,210509.49545,4211334408.9865937,5840323.0,105809.86253,2116902111.20904
2022-08-30,256634.35529,5157974826.609323,6593178.0,126919.07924,2551087936.8586006
2022-08-31,276946.60765,5595829094.391042,6389133.0,140474.46035,2838456435.8151093
2022-09-01,245289.97263,4893158531.781241,5937975.0,121158.48629,2417157339.99022
2022-09-02,245986.6033,4946889819.514836,5740705.0,122616.90745,2466027768.598654
2022-09-03,146639.03204,2908816275.0102863,3739909.0,72556.83777,1439326777.5857377
2022-09-04,145588.77893,2883227667.1961923,3838915.0,72789.26129,1441735599.5476143
2022-09-05,222543.01057,4404971191.907026,4657233.0,110786.05423,2193009371.5191665
2022-09-06,356315.05718,6976809188.41019,7124384.0,175781.84468,3443135959.0188565
2022-09-07,287394.7788,5436827909.201311,5597127.0,142700.96438,2700094090.539225
2022-09-08,262813.28273,5057217166.675082,6013826.0,131429.45873,2529247772.343829
2022-09-09,428919.74652,8929831332.708796,7777214.0,217979.24137,4537141163.990109
2022-09-10,307997.33504,6589753118.841131,5615783.0,154171.04126,3298995539.435664
2022-09-11,280702.55149,6064643642.71623,4801844.0,141171.88117,3050253458.2835627
2022-09-12,395395.61828,8743762682.841719,6979539.0,199489.5406,4411479060.203694
2022-09-13,431915.03333,9302239274.39612,8126869.0,217144.54247,4679543994.693207
2022-09-14,340826.40151,6886235196.646198,6313052.0,169670.53169,3428396493.969275
2022-09-15,333069.76076,6655264974.213759,6690974.0,165652.7291,3310217929.741116
2022-09-16,283791.07064,5584012914.113887,5120935.0,141085.20536,2776292772.190228
2022-09-17,179350.24338,3578667842.695283,3862666.0,89621.58733,1788389852.300196
2022-09-18,254217.46904,5033968947.530573,4634096.0,124480.59651,2465062845.967856
2022-09-19,380512.40306,7215196795.656052,6820580.0,189241.29071,3589311748.607395
2022-09-20,324098.3286,6206043205.412278,5900070.0,160716.33038,3077612901.1468134
2022-09-21,385034.10021,7338667639.751957,6907777.0,190299.47143,3628361586.9101534
2022-09-22,379321.72111,7203741481.483637,6251862.0,190987.32145,3627123696.6905694
2022-09-23,385886.91829,7330336009.190998,5906265.0,194842.08772,3701394516.773616
2022-09-24,239496.56746,4568927983.6507845,3907636.0,120501.3057,2298979763.309452
2022-09-25,191191.4492,3625136713.924704,3714450.0,94989.39646,1801229611.9768589
2022-09-26,439239.21943,8356951609.998724,5837041.0,220623.29914,4198006044.884225
2022-09-27,593260.74161,11705770260.67216,8152473.0,296727.71059,5856646101.495988
2022-09-28,521385.45547,9964460007.304356,7357437.0,260944.38118,4988233394.322661
2022-09-29,406424.93256,7868786414.856212,5631615.0,203187.57552,3934342925.087511
2022-09-30,444322.9534,8694127253.576595,6254203.0,220029.84583,4304848630.332639
2022-10-01,165625.13959,3200350294.52687,2470590.0,82734.18388,1598688567.5865653
2022-10-02,206812.47032,3970724799.9558167,3320217.0,102972.16014,1977186000.1992047
2022-10-03,293585.75212,5672105805.772144,4471910.0,147383.93612,2847846726.2369485
2022-10-04,327012.00127,6533428229.851051,4871932.0,165646.2649,3309936012.948392
2022-10-05,312239.75224,6275437160.958072,4540004.0,155249.45329,3120338866.325755
2022-10-06,320122.1702,6452892402.324269,5085004.0,161557.89851,3256881316.716539
2022-10-07,220874.83913,4353681483.987034,4324772.0,109800.49576,2164491136.483128
2022-10-08,102480.09842,1995917001.739599,2637385.0,50775.11492,988952773.2163392
2022-10-09,113900.82681,2215007204.237991,2833704.0,57166.25996,1111737800.1694417
2022-10-10,212509.09849,4101745483.129524,4432688.0,104849.40967,2023908022.7360184
2022-10-11,243473.84286,4642843395.600282,4792106.0,121218.68324,2311676809.242172
2022-10-12,213826.26731,4086903621.9265537,4556597.0,106608.7184,2037738508.1616392
2022-10-13,399756.68337,7554309475.307986,7470896.0,199869.15895,3777964473.262912
2022-10-14,351634.32601,6877621835.225796,6688310.0,175798.36758,3438783886.911806
2022-10-15,113847.64232,2178316065.622199,3052219.0,56109.00376,1073637476.7688468
2022-10-16,131894.61885,2531545363.3077,3438605.0,66536.80449,1277129233.6607454
2022-10-17,222813.87634,4331666395.604674,5162979.0,111854.00525,2174642989.585405
2022-10-18,260313.07848,5065944973.464348,5588482.0,129478.25628,2520037025.607416
2022-10-19,186137.29538,3575041318.449784,4545820.0,92346.11007,1773769908.8877597
2022-10-20,223530.13068,4276025723.9947824,5391090.0,110662.16001,2117089562.3644776
2022-10-21,269310.75769,5126619487.869021,5679281.0,133589.01923,2543268174.8886347
2022-10-22,110403.90837,2117395641.1269207,2887106.0,54134.08243,1038228038.7109544
2022-10-23,167057.20184,3233393909.200977,3939703.0,84465.80483,1635057403.3351152
2022-10-24,256168.14467,4957159176.816838,5676899.0,126808.683,2453987281.1859627
2022-10-25,326370.67061,6454151276.520069,7214687.0,163350.80531,3230612090.8673344
2022-10-26,380492.69576,7833551674.485677,8512349.0,190912.96434,3930265900.9481273
2022-10-27,328643.57791,6771209922.011917,7748080.0,163139.47991,3361632657.413893
2022-10-28,287039.94569,5849603405.682575,6638096.0,143078.25276,2915977522.5824976
2022-10-29,254881.77755,5303038321.457483,6255599.0,127941.56356,2662029299.90964
2022-10-30,192795.60886,3994389493.325892,4920007.0,96047.94574,1990076844.6331496
2022-10-31,303567.61628,6226304300.443864,6571526.0,151222.29645,3101777763.860474
2022-11-01,279932.43771,5740102554.92083,5971938.0,139277.94706,2856018095.763569
2022-11-02,373716.27299,7633404092.430692,7431698.0,185785.97212,3795164791.221807
2022-11-03,319185.1544,6461673165.239643,6948227.0,159939.6187,3237968703.461187
2022-11-04,453694.39165,9409862204.986904,9249613.0,227403.70755,4716670352.08739
2022-11-05,245621.98525,5240395528.908201,5570832.0,123030.36163,2624930077.1572924
2022-11-06,230036.97217,4877535058.412703,5268210.0,114034.06693,2418047871.809807
2022-11-07,386977.60337,8035052131.593453,8344242.0,191603.32017,3978525724.8740206
2022-11-08,760705.362783,14758384309.854223,14530601.0,374775.574085,7271200924.070388
2022-11-09,731926.929729,12737719697.394009,13605474.0,358702.788996,6245795114.512092
2022-11-10,608448.36432,10323294543.880354,12719887.0,302898.84757,5141663571.356439
2022-11-11,393552.86492,6725273822.837806,9900073.0,197414.69616,3374092512.561806
2022-11-12,167819.96035,2827930561.006379,5046837.0,83267.92293,1403236127.923594
2022-11-13,184960.78846,3074280132.053523,5382834.0,91914.44893,1527844645.634117
2022-11-14,380210.7775,6273920325.336827,9215128.0,189502.41248,3127495594.2107644
2022-11-15,282461.84391,4758545355.786832,7200265.0,141015.70658,2375750102.4183183
2022-11-16,261493.40809,4362538338.565324,6297404.0,129644.72244,2162757428.721518
2022-11-17,228038.97873,3785204632.014221,5352083.0,113347.39771,1881536908.0664897
2022-11-18,214224.18184,3588467560.373121,5114799.0,106366.35569,1781845353.094005
2022-11-19,104963.15558,1747627888.1295474,3142123.0,52397.34048,872445362.1257405
2022-11-20,154842.13478,2561165772.4957075,4557344.0,75959.10991,1256443330.0415068
2022-11-21,324096.997753,5188798317.004153,7440871.0,159995.4646,2561914108.924417
2022-11-22,239548.06623,3823612603.803002,6276097.0,119384.47075,1905917090.2669592
2022-11-23,264927.70408,4368042618.500261,6260616.0,132804.37627,2189676204.366816
2022-11-24,206565.92346,3431724405.654768,5031851.0,103203.3193,1714660566.877812
2022-11-25,182089.49533,3003553172.229472,4396465.0,90187.55597,1487718711.084076
2022-11-26,181804.81666,3011990387.647429,3817130.0,89646.23245,1485219997.2638843
2022-11-27,162025.47607,2679048565.5213013,3362221.0,80097.04098,1324406073.6694643
2022-11-28,252695.40367,4096398587.357314,5570407.0,125766.80639,2038825206.5401728
2022-11-29,248106.25009,4072651066.9994063,5206638.0,123715.14039,2030827592.4923496
2022-11-30,303019.80719,5123595199.505285,6519330.0,151764.57285,2566042182.996361
2022-12-01,232818.18218,3972607179.868572,5097720.0,116018.88867,1979692808.00706
2022-12-02,202372.2062,3432385161.660257,4305515.0,99556.14105,1688510144.191262
2022-12-03,154542.57306,2622504252.866453,3308694.0,76214.56604,1293351463.1609118
2022-12-04,178619.13387,3040020095.051178,3948990.0,89359.35165,1520945572.0768335
2022-12-05,233703.29225,4015334796.603721,5138207.0,115508.19916,1984551471.316408
2022-12-06,218730.76883,3717926010.340586,4416864.0,108449.54144,1843473774.586164
2022-12-07,220657.41334,3723206794.305467,4284989.0,107803.05198,1819002376.492869
2022-12-08,236417.97804,4009427525.030412,4520282.0,117238.75694,1988377121.4173508
2022-12-09,238422.06465,4097973425.697354,4282003.0,118031.91364,2028743141.4068208
2022-12-10,140573.97937,2411933258.8486,3032257.0,70355.34064,1207126756.2174747
2022-12-11,155286.47871,2663686104.082561,3260722.0,77740.37478,1333501724.91499
2022-12-12,226227.49694,3844787581.481925,4463916.0,112286.94413,1908405023.8763013
2022-12-13,284462.9139,4983896040.378995,6242080.0,143922.84935,2521692886.9668703
2022-12-14,266681.22209,4779915721.484459,5743730.0,133308.11239,2389606669.9635315
2022-12-15,223701.96882,3923378677.8337474,4789226.0,110193.63642,1932609296.7091348
2022-12-16,253379.04116,4308933187.65654,5703001.0,123374.83424,2098188985.007097
2022-12-17,144825.66684,2417851422.213125,3905843.0,72289.66495,1206885683.569382
2022-12-18,112619.31646,1884666030.099238,3369193.0,55539.12922,929480021.401935
2022-12-19,179094.28305,2981094033.013813,4681887.0,87610.2351,1458309480.7452483
2022-12-20,248808.92324,4176995653.545711,5945803.0,124217.3859,2085423621.7423253
2022-12-21,156810.96362,2638528723.736041,4375570.0,77675.35979,1307019850.0606215
2022-12-22,176044.27235,2949612072.049303,4678640.0,87573.90221,1467281598.7190852
2022-12-23,161612.00947,2720021933.9789267,4561020.0,81034.18553,1363871435.613549
2022-12-24,100224.29096,1686757294.9926343,3076985.0,49578.22304,834395051.2711908
2022-12-25,125441.07202,2108857873.1916704,3570157.0,62073.54114,1043560797.0693524
2022-12-26,124564.00656,2099037538.6317945,3915571.0,61741.18011,1040420821.2262526
2022-12-27,173749.58616,2918379509.5314097,5047628.0,86096.58586,1446098274.565338
2022-12-28,193037.56577,3210894236.812391,5465468.0,96118.18717,1598767893.172797
2022-12-29,160998.47158,2671665748.0816226,4553877.0,80977.62443,1343799862.9950266
2022-12-30,164916.31174,2726831056.725026,4310415.0,82170.4749,1358631100.7592442
2022-12-31,114490.42864,1897047504.918897,3344374.0,57021.06919,944834393.3413354
2023-01-01,96925.41374,1604793789.6772127,3218355.0,48548.78168,803841673.8350587
2023-01-02,121888.57191,2034683215.2678783,4036118.0,60925.25948,1017074780.6918064
2023-01-03,159541.53733,2662765916.3256683,5097596.0,79595.76246,1328471402.7136743
2023-01-04,220362.18862,3709833209.845365,6310703.0,109747.11502,1847617011.385377
2023-01-05,163473.56641,2751080253.8177333,4842014.0,80959.57162,1362471754.0532992
2023-01-06,207401.28415,3490305009.6881223,5388661.0,103320.22965,1738828235.2023003
2023-01-07,104526.5688,1770201710.2089734,3227161.0,51624.83107,874295207.6365124
2023-01-08,135155.89695,2291925699.9585457,4036092.0,67200.6025,1139647002.7608514
2023-01-09,266211.52723,4590284350.546169,6327667.0,131748.52517,2271681164.7993326
2023-01-10,221382.42581,3829247653.731105,5448751.0,109377.45606,1891995855.287608
2023-01-11,262221.60653,4586965947.26355,5627464.0,129944.5693,2273368097.029264
2023-01-12,454568.32178,8348431207.846009,8911373.0,227295.33172,4174813798.3828607
2023-01-13,368615.87823,7061633461.444734,8021774.0,183448.89377,3515300890.305057
2023-01-14,393913.74951,8183071567.046188,8659545.0,197817.55209,4109568162.17042
2023-01-15,178542.22549,3710526606.138964,5194354.0,88310.83908,1835436631.7038703
2023-01-16,293078.08262,6168654053.042638,6856434.0,145352.66942,3059597458.3853526
2023-01-17,275407.74409,5840585769.490093,6440138.0,137121.64311,2908227174.2490306
2023-01-18,350916.01949,7399719195.246726,7617173.0,173174.4169,3652037808.316215
2023-01-19,251385.84925,5243024330.011201,5819932.0,124924.23436,2605629874.089028
2023-01-20,338079.13659,7256172889.710533,7382435.0,170200.04869,3654038898.270928
2023-01-21,346445.48432,7938935168.532014,7796520.0,172663.17131,3956916674.402963
2023-01-22,253577.75286,5775552321.544121,6603827.0,125842.91663,2866409820.7225704
2023-01-23,293588.37938,6704191295.97568,7258655.0,145854.70936,3330927704.48361
2023-01-24,293158.78254,6721432962.573841,7395584.0,144239.84356,3307407342.13858
2023-01-25,346042.83223,7875590359.115837,8060446.0,172647.90115,3929821773.9651175
2023-01-26,288924.43581,6664592468.337928,7181086.0,143185.08341,3303064271.051174
2023-01-27,280833.86315,6461707755.053915,7079096.0,139699.27638,3214623770.8450403
2023-01-28,148115.71085,3408985411.316586,4181816.0,73861.83566,1700057503.749539
2023-01-29,295688.79204,6941922954.136406,7030837.0,149507.5061,3510026672.7997174
2023-01-30,302405.90121,7020727239.059652,7790224.0,149096.53066,3461492907.172606
2023-01-31,264649.34909,6083858924.538486,6798411.0,133028.12717,3058369006.2407
2023-02-01,310790.42271,7212542002.325099,7863213.0,156107.58478,3623730152.719127
2023-02-02,364177.20751,8673696845.80511,9102300.0,181814.20318,4330715913.906593
2023-02-03,332571.02904,7806490899.914181,8007846.0,166143.33246,3900042090.516365
2023-02-04,166126.47295,3886777607.796051,4852404.0,81863.93145,1915443497.6889515
2023-02-05,209251.33917,4842463016.833934,5903916.0,103885.22312,2404286621.1203337
2023-02-06,265371.6069,6076050768.117038,6956395.0,132350.52989,3030470974.62453
2023-02-07,308006.72482,7085929136.456849,8293878.0,154613.24744,3557209786.5153685
2023-02-08,280056.30717,6457585647.820655,7896433.0,138627.72636,3196783919.6301227
2023-02-09,402894.6955,9052973327.197165,9784291.0,199309.68374,4478800426.302857
2023-02-10,338591.94247,7369456394.906654,6993675.0,167419.66937,3644087094.706669
2023-02-11,177021.58433,3842000897.79758,4207940.0,87937.9597,1908638569.7798104
2023-02-12,204435.65163,4469822441.4372015,4561903.0,101194.34699,2212545781.0931144
2023-02-13,295730.76791,6404813758.2696295,6503611.0,147221.38569,3188732830.1994424
2023-02-14,361958.40109,7938385476.792084,7695927.0,182006.71562,3991901041.9023824
2023-02-15,375669.16111,8604133693.663172,8335550.0,190798.1552,4372346767.103614
2023-02-16,450080.68366,11074988148.779009,11006793.0,224396.77566,5522891581.325578
2023-02-17,496813.21376,11968532252.05733,10895009.0,249087.94774,6001870488.345367
2023-02-18,216917.25213,5339920389.516133,6296097.0,107467.08761,2645647445.819601
2023-02-19,300395.99542,7408745406.624344,7660484.0,149680.28058,3692030229.980345
2023-02-20,346938.56997,8561226688.07291,9808728.0,174453.04334,4305469238.849922
2023-02-21,376000.82868,9280992344.428871,10712371.0,187029.49757,4617218785.187702
2023-02-22,379425.75365,9101745945.990707,11395957.0,188203.74268,4515001623.435453
2023-02-23,398400.45437,9596083721.512953,11396877.0,198080.68369,4771375630.511308
2023-02-24,343582.57453,8087524100.39044,11531424.0,170263.13353,4008150118.2168
2023-02-25,191311.8101,4406286300.272117,9124568.0,94440.13964,2175283940.9041314
2023-02-26,202323.73623,4716158181.22559,9506015.0,101003.39278,2354572412.690068
2023-02-27,283706.0859,6659785788.329373,11754195.0,141360.04845,3318353869.99525
2023-02-28,264140.99894,6172930936.037334,9568743.0,131200.82704,3066249880.6703186
2023-03-01,315287.41737,7441571085.495408,9390487.0,157961.92667,3728256787.110094
2023-03-02,239315.45219,5603770010.239548,7435815.0,119522.00584,2798797976.70041
2023-03-03,319954.19785,7167184765.7436495,8214639.0,156827.31366,3512245357.186191
2023-03-04,121257.38132,2706422995.680256,4169260.0,60043.33153,1340204531.15407
2023-03-05,154841.75786,3473011455.187952,4835978.0,77394.35765,1735989090.899561
2023-03-06,203751.82957,4569102169.185691,6471278.0,102110.26304,2289889200.1667166
2023-03-07,292519.80912,6517594938.246053,7813394.0,145498.64219,3242136502.654673
2023-03-08,301460.57272,6641171704.242421,8018963.0,150008.02488,3304860256.104994
2023-03-09,443658.28584,9403028764.707771,10076702.0,217900.59621,4619803522.043237
2023-03-10,618456.4671,12344992788.912497,12106261.0,308155.80993,6151475123.535514
2023-03-11,427831.82133,8651590672.468525,10412300.0,213151.47855,4310534195.909292
2023-03-12,430944.94288,8982418413.80114,9721933.0,218639.0688,4558127964.925804
2023-03-13,687889.31259,15824996078.60564,14820760.0,346688.17025,7976620081.706099
2023-03-14,699360.93423,17465307097.884075,15223589.0,351739.11994,8783916247.676138
2023-03-15,581450.72984,14291005743.897852,12613034.0,291192.86696,7157472156.962334
2023-03-16,439421.32998,10847330151.941006,10418081.0,220403.30289,5441432259.260846
2023-03-17,624460.68091,16476681071.24338,13113359.0,318022.61356,8392477832.002322
2023-03-18,371238.97174,10135945069.64263,9948603.0,185687.70768,5070480124.593879
2023-03-19,372066.99054,10264707987.594164,9578297.0,188150.56147,5191102286.400918
2023-03-20,477378.23373,13300424536.51492,11775950.0,239765.29148,6680704887.532146
2023-03-21,420929.7422,11760492716.33759,11530870.0,210472.34027,5880942507.630011
2023-03-22,224113.41296,6272099822.449624,3589327.0,110355.97386,3089585214.115064
2023-03-23,128649.60818,3591123573.1149583,2159091.0,65172.02479,1819323637.2903445
2023-03-24,86242.06544,2403443392.0273013,1511137.0,41449.56122,1155147465.7389932
2023-03-25,50844.08102,1397227639.2141378,1088721.0,25326.94876,696042529.0839624
2023-03-26,49671.70353,1380973402.9961205,1068196.0,25248.15818,702028235.0573266
2023-03-27,88039.46898,2407130888.034605,1575264.0,43151.91539,1179905180.6135278
2023-03-28,78602.44341,2124533606.765556,1521981.0,38972.61486,1053473599.2587688
2023-03-29,89486.16008,2519887866.2111588,1704217.0,45742.08025,1288220696.4926782
2023-03-30,98865.43256,2808471938.6424427,1843652.0,49100.20979,1394972886.7062368
2023-03-31,78198.12139,2203253311.777351,1537349.0,39636.47111,1117184234.1868577
2023-04-01,30238.44753,860804237.452269,822781.0,15171.37738,431931567.4827481
2023-04-02,37365.65692,1053600933.0676804,938464.0,17897.01839,504647268.0863643
2023-04-03,79180.01405,2214361048.7823668,1651062.0,40534.82008,1133865764.0916288
2023-04-04,49722.55691,1397141464.875036,1102007.0,25083.95234,704845402.4191409
2023-04-05,60737.64732,1721098539.0660567,1262730.0,30556.88672,865971090.1704682
2023-04-06,40118.94963,1122713087.5561826,934548.0,19308.64369,540384260.8568
2023-04-07,24762.09387,691323748.9286413,655634.0,11983.13367,334559478.4702819
2023-04-08,19479.96735,545324518.6860754,624159.0,9729.24214,272366679.3440387
2023-04-09,32531.16101,913915923.6951956,777589.0,16885.70757,474454325.3569296
2023-04-10,67754.0622,1955300943.1708305,1285695.0,36147.62326,1043138687.5916125
2023-04-11,67990.07621,2046078278.0821176,1340458.0,34766.92718,1046250622.2934568
2023-04-12,62049.48451,1863497606.1415305,1246556.0,31136.38576,935223730.572567
2023-04-13,51934.11731,1571091101.1299672,1054144.0,26767.65298,809748635.0025868
2023-04-14,75984.19452,2323267494.38023,1504180.0,38406.59006,1174371283.5651665
2023-04-15,25429.81247,772211097.614016,732418.0,12424.34509,377293528.3129067
2023-04-16,26431.99322,801322926.1525651,708233.0,13163.73591,399115587.0035981
2023-04-17,56441.81127,1675287761.4330356,1137294.0,26880.17771,797711012.8071816
2023-04-18,62004.89434,1861001491.9786973,1141562.0,32417.57068,972769560.730304
2023-04-19,86575.48656,2541283888.303447,1699891.0,41467.78872,1217556267.2010958
2023-04-20,76879.09372,2198854031.424746,1434642.0,36919.58585,1055949765.7724996
2023-04-21,77684.7679,2164667611.9354606,1463628.0,38419.13612,1070540576.475792
2023-04-22,36023.69686,989379475.3218232,859500.0,18612.89655,511200971.6362268
2023-04-23,34812.09581,959389698.7572552,873485.0,17610.47671,485328645.6943109
2023-04-24,53111.56874,1458406515.6404214,1211080.0,25641.28044,704079582.6514922
2023-04-25,52325.14637,1446329375.242731,1087067.0,26833.47192,742069216.9989536
2023-04-26,129228.40403,3719701461.909164,2261942.0,64540.55521,1857698379.2654004
2023-04-27,95430.82431,2784859692.36462,1990148.0,48601.97474,1418439305.617905
2023-04-28,54298.16578,1590683771.668198,1129240.0,26659.2164,780784851.5470374
2023-04-29,20466.83058,599466910.0466621,619319.0,10024.59978,293627195.7058327
2023-04-30,39752.5372,1172155267.8761897,949458.0,19894.27252,586711670.5560739
2023-05-01,64433.65958,1828221138.95444,1362793.0,30761.9269,872712018.1808254
2023-05-02,50824.5224,1441733922.0116444,1174697.0,24789.36748,703206831.7801806
2023-05-03,64615.79213,1845961218.843244,1502909.0,32291.20998,922549963.250758
2023-05-04,42575.47501,1233816136.1606576,961542.0,20470.2124,593281438.9381377
2023-05-05,58415.83048,1709786814.901134,1288027.0,29071.98606,850975342.6424303
2023-05-06,49249.28459,1429517892.780502,1221021.0,23315.95073,676717267.0117224
2023-05-07,30003.41028,865838535.326382,855425.0,14904.01102,430162358.6294252
2023-05-08,68244.36179,1903052694.6684127,1600637.0,32347.56935,901988104.11036
2023-05-09,40113.31069,1106923908.305847,1003698.0,20094.09737,554561922.8053713
2023-05-10,71155.11355,1971173412.435502,1534579.0,34398.83676,953153016.5096188
2023-05-11,47635.31365,1295799109.011004,1257000.0,23270.11723,632925807.4925774
2023-05-12,67207.93494,1777052127.731093,1351633.0,33147.27251,876487224.2550423
2023-05-13,22814.90421,612062852.0866882,605049.0,10959.29947,294038915.0326263
2023-05-14,21594.8036,580801698.0002693,629537.0,10672.14983,287060095.3315276
2023-05-15,40430.08333,1104633264.131574,935914.0,19301.24631,527237637.3310134
2023-05-16,33270.45451,900273404.6010331,815642.0,15970.99932,432214355.0561344
2023-05-17,42958.97785,1159714527.6352634,1016823.0,21634.02212,584185553.7913067
2023-05-18,49198.65143,1330745572.6946373,1057318.0,23659.89374,640128055.9068437
2023-05-19,28754.13544,772864757.1633048,756295.0,13622.24812,366169697.3870807
2023-05-20,14434.54718,389225653.7451669,481382.0,6769.94368,182562924.6341634
2023-05-21,21347.87279,575213570.2794422,568937.0,9855.43959,265526847.3320675
2023-05-22,26458.83828,709594996.7242744,717111.0,12639.67925,338982776.4596819
2023-05-23,38700.83858,1054565781.6023751,816399.0,18966.20117,516737777.2652495
2023-05-24,54393.0657,1442636235.4543552,1012767.0,26698.91191,707870181.8163438
2023-05-25,37435.44895,984117789.7017612,753125.0,17773.08882,467287939.9395918
2023-05-26,35061.18713,932817724.59401,655755.0,16507.37461,439209106.7446719
2023-05-27,15095.6867,403337263.0344908,415694.0,7152.30076,191116596.7726723
2023-05-28,43916.00855,1205762341.9704952,843861.0,23346.55866,640869473.6004443
2023-05-29,42385.41945,1182678581.634669,805579.0,20199.85331,563722083.6591941
2023-05-30,32686.75371,908653906.0072742,745633.0,15196.52438,422438614.8525725
2023-05-31,46588.80573,1265952178.7798684,908537.0,21962.66824,596493723.439264
2023-06-01,39217.8088,1055132509.8658342,814389.0,18620.69161,500960557.9227829
2023-06-02,36380.90269,983857061.6408418,811087.0,18134.67738,490485191.7880676
2023-06-03,16595.34117,450588672.4704081,466520.0,7745.7868,210327639.5610825
2023-06-04,19258.41049,523747237.4389696,504474.0,9511.72432,258699846.4758803
2023-06-05,65805.60305,1722665798.0920303,1420829.0,30583.35138,799867474.2125897
2023-06-06,68392.60438,1797636024.0812123,1345725.0,35083.7879,922716234.2100114
2023-06-07,59619.44364,1589291467.5372329,1311928.0,28095.50924,749083400.1203892
2023-06-08,31075.51083,823023638.236875,848252.0,14614.60741,387105933.4399799
2023-06-09,27934.7097,741158215.0539023,746911.0,12757.07361,338454644.8956143
2023-06-10,64944.60108,1673795235.4008925,1713871.0,31558.13098,813190388.2485608
2023-06-11,30014.29595,776111471.8669971,833902.0,14266.10759,368954010.8074442
2023-06-12,29900.50893,773303698.8633221,858037.0,14219.97114,367770742.66004
2023-06-13,41065.60853,1068985236.5126554,1007138.0,20120.32689,523776704.241491
2023-06-14,45077.31608,1152808416.919793,957418.0,20726.13761,530122336.3788532
2023-06-15,48664.86063,1224436974.8502872,943268.0,24035.81623,604884325.2462568
2023-06-16,51596.91662,1335158158.639614,926194.0,24055.65943,622525707.6049981
2023-06-17,27842.2195,738491809.8811625,666967.0,13843.65158,367248705.0054073
2023-06-18,21538.31022,571013013.8553362,555956.0,10367.07533,274864183.4442869
2023-06-19,35872.65974,954193987.2948112,732735.0,17593.19977,468128198.054531
2023-06-20,69666.95525,1912797983.531005,1189024.0,35052.57462,962782935.6899298
2023-06-21,108926.40412,3210301129.366291,1872873.0,55846.96952,1646165465.2449384
2023-06-22,59054.5646,1775822103.7632556,1146092.0,27902.93312,839284260.1798254
2023-06-23,73931.89635,2265077496.195469,1338533.0,36289.3174,1112439184.9506557
2023-06-24,30513.30135,933244397.704002,776343.0,14497.56447,443500647.9220822
2023-06-25,30223.44801,926316644.4167664,789910.0,14627.97473,448414594.5587875
2023-06-26,45180.41489,1367837657.5451825,954783.0,22277.58284,674540668.5726604
2023-06-27,42699.64157,1306206257.0193572,824373.0,21151.29517,647203906.7656411
2023-06-28,40463.51937,1224103637.6132562,895470.0,19176.75428,580226725.8333887
2023-06-29,36330.62903,1107940389.9242406,758428.0,17834.38857,543872730.2617269
2023-06-30,89419.07618,2726355505.5063505,1559366.0,44319.81254,1351735332.858577
2023-07-01,17501.75075,533859338.1325383,567975.0,8102.13876,247175148.950766
2023-07-02,23286.41019,711031423.4334425,591533.0,10630.2474,324616031.9581684
2023-07-03,43761.64311,1352635339.5043936,781855.0,20885.94331,645698735.3773494
2023-07-04,33206.11943,1028794008.5245212,779472.0,14107.36566,437126154.0841225
2023-07-05,33215.67122,1013694790.31705,827926.0,15619.11716,476478254.9434133
2023-07-06,71319.6261,2181763648.99527,1397042.0,33952.63237,1039137135.293551
2023-07-07,34070.53895,1027461795.2332093,912948.0,14875.86309,448638761.3838917
2023-07-08,13094.59042,395759717.5724278,480214.0,5990.91468,181083431.1999306
2023-07-09,15388.50196,465781514.2589476,473168.0,7017.35093,212433521.8897289
2023-07-10,41262.87652,1254289037.7420728,896853.0,19574.2347,595390893.1450084
2023-07-11,28476.83311,868966244.2412692,691213.0,13670.16079,417204801.1629621
2023-07-12,38108.99669,1166497472.433173,784195.0,18251.27965,558742524.9312288
2023-07-13,70772.51836,2194927210.224416,1301632.0,36084.84178,1119542855.1513171
2023-07-14,60749.48424,1869443273.7476244,1274387.0,28513.77996,877642037.8224415
2023-07-15,14118.55329,427921094.3021783,488354.0,6430.54981,194912673.9119217
2023-07-16,15760.1281,477189328.0072937,494225.0,7322.44372,221713710.223243
2023-07-17,30882.76839,929647644.243343,816466.0,14352.21893,432105955.4547703
2023-07-18,30003.8601,897157095.4774112,754775.0,13771.19621,411748868.0629127
2023-07-19,25657.36137,769254865.2851151,617415.0,12260.98321,367624217.9174355
2023-07-20,37540.68193,1125950643.7116494,749723.0,18061.33493,541742405.5204978
2023-07-21,23881.40865,713123417.7612139,555611.0,11566.3884,345404092.6459083
2023-07-22,14660.40467,437785700.3396102,423988.0,6725.50525,200848375.4485695
2023-07-23,18292.78637,548940321.0915866,519434.0,8889.35695,266761143.4116981
2023-07-24,39628.99691,1162562413.8190155,869107.0,18047.66786,529388757.4915814
2023-07-25,21565.7478,629531351.1145664,533797.0,10257.29455,299466722.1976085
2023-07-26,33931.63366,995569172.1396836,750401.0,15987.94266,469155943.83416
2023-07-27,22476.47626,659594157.3443576,583045.0,10384.95749,304728875.7312362
2023-07-28,23993.61627,702705076.837866,543177.0,11422.36141,334588917.0883291
2023-07-29,10851.36844,318276733.8766431,339750.0,5443.09222,159659088.1646764
2023-07-30,15706.97441,459830379.6509824,454846.0,7720.41654,226012721.3705351
2023-07-31,22605.48964,663025204.2072346,563115.0,11029.2258,323482162.2920864
2023-08-01,44719.65162,1299160215.077924,900141.0,21831.75056,634595648.9435309
2023-08-02,48181.65141,1419729744.649752,945158.0,22953.8144,676256840.2750593
2023-08-03,26476.91994,773302705.4947629,651970.0,12901.09228,376856740.4883937
2023-08-04,23551.95217,686643453.3930904,544850.0,10539.62903,307284659.321428
2023-08-05,11645.52018,338478560.1218247,331924.0,5491.4962,159611625.1658778
2023-08-06,13178.1972,383209498.8777505,338654.0,6471.24487,188192943.696217
2023-08-07,30966.87746,899492595.6812717,671438.0,15375.49318,446702609.5645752
2023-08-08,45700.53392,1352934531.6659672,877168.0,24189.62133,716161501.5730364
2023-08-09,38003.88725,1130396850.0974114,750252.0,18700.85778,556446376.251785
2023-08-10,23463.45373,692863472.0877249,513691.0,11204.06553,330886650.2003818
2023-08-11,20637.0443,607176051.3015367,437828.0,9803.94004,288451712.1002085
2023-08-12,8971.48068,263949405.5434029,310852.0,4181.99127,123039182.1587899
2023-08-13,11101.70947,326264625.2296824,341726.0,5257.07008,154501729.2473491
2023-08-14,31443.11532,924613476.681799,671592.0,15036.11048,442247506.1673844
2023-08-15,27503.87691,806683957.3100156,591162.0,12751.63951,374046205.2590536
2023-08-16,32996.69854,959870747.0063142,768028.0,14761.86053,429510396.4298237
2023-08-17,100271.54033,2755821274.340605,1976577.0,47495.99471,1302553963.3106227
2023-08-18,69790.65711,1834219523.699404,1293122.0,33522.24573,881095856.1944035
2023-08-19,26160.75343,680623880.8247554,615764.0,12952.29598,337010159.8115182
2023-08-20,19056.91209,497880752.2301158,451543.0,9909.1293,258890029.0825063
2023-08-21,30267.24233,788205156.3215925,565987.0,14052.07264,365942107.3406446
2023-08-22,34247.06688,886782344.1602929,603624.0,16436.92888,425661908.6149738
2023-08-23,44023.69978,1156326251.922411,673711.0,21955.66524,576734438.2954001
2023-08-24,30205.22116,792966965.8982658,575619.0,13987.93493,367233375.4168434
2023-08-25,27753.33772,722611079.1898074,611438.0,13258.65894,345214226.918254
2023-08-26,10022.22322,261041530.4758038,329412.0,4681.90628,121952627.5976749
2023-08-27,12099.64216,315548363.0193776,349090.0,6170.48664,160918200.3936097
2023-08-28,22692.62655,591008939.17657,523057.0,10912.40549,284226173.7934395
2023-08-29,74251.99488,2023326050.758479,1137083.0,37945.55071,1034244032.3814664
2023-08-30,35448.25848,969086451.1625257,690292.0,16715.57712,456926409.729732
2023-08-31,51032.80401,1360373186.0116708,944690.0,24598.11397,655707233.8849008
2023-09-01,41032.15056,1059444591.7097492,881179.0,19960.9903,515429946.1831724
2023-09-02,16250.77698,419812969.9468598,567728.0,7634.91416,197234437.0220484
2023-09-03,17474.47667,453100690.1021077,496412.0,8583.16498,222581536.0268467
2023-09-04,21777.59609,563532890.5699993,596830.0,10177.3686,263365883.4295556
2023-09-05,21323.39337,548893707.6002005,566736.0,9926.65838,255537038.4660957
2023-09-06,27262.52386,700763180.8011677,636302.0,12736.70564,327416444.7840959
2023-09-07,27687.49567,718923008.9071183,631929.0,13506.19156,350741324.2920373
2023-09-08,28999.76471,754184537.1096923,646852.0,14238.89945,370236844.4314076
2023-09-09,10980.62277,284109473.8075783,359038.0,5212.44349,134863388.7628859
2023-09-10,18738.26914,483577459.2055345,489773.0,8747.51072,225752901.0403501
2023-09-11,41682.32,1057371884.6697066,864138.0,19664.90243,498821645.3852222
2023-09-12,56434.38537,1464393036.9616623,1047056.0,27720.5183,719147319.9787064
2023-09-13,31610.82753,825437881.4687591,714880.0,15287.00038,399099781.6207648
2023-09-14,38333.1725,1015267319.7730228,799278.0,19440.45467,514863794.3783894
2023-09-15,26227.29369,695203258.0004445,654094.0,12600.39115,334045930.7667212
2023-09-16,13960.93351,370889866.4592735,526416.0,6508.91352,172926781.3888423
2023-09-17,12998.10277,344703727.5601071,476775.0,6359.89459,168675580.016463
2023-09-18,43000.43256,1158780347.625305,938705.0,21551.71605,580912488.7594309
2023-09-19,36190.52187,981539255.55962,898076.0,17851.15558,484061308.124933
2023-09-20,34207.21867,927206075.9626272,867288.0,16983.43086,460402346.1707834
2023-09-21,34476.82662,920768143.3513128,823416.0,16878.78202,450738363.8506985
2023-09-22,18198.2292,484331618.9485319,567149.0,8484.09679,225805692.7235693
2023-09-23,9440.7026,250873957.3886738,421717.0,4387.1973,116581214.130133
2023-09-24,15706.65771,416368301.3736848,545045.0,7547.06342,200078452.0167577
2023-09-25,26266.2039,688252596.3809944,873488.0,12654.58207,331622453.1518055
2023-09-26,18495.35066,485217905.0421048,697727.0,8813.76144,231246870.5474588
2023-09-27,34771.57978,918797815.048481,939690.0,16813.75506,444221386.426141
2023-09-28,44517.83491,1193420040.1309185,1158974.0,22463.19242,602340703.6015062
2023-09-29,28478.76219,767827314.9319088,878610.0,14409.35554,388591243.2591525
2023-09-30,12804.62307,345406056.6806953,534908.0,6221.24272,167818583.0599575
2023-10-01,24602.81468,674657121.9944204,883593.0,12815.98694,351622961.4701274
2023-10-02,57071.14241,1600944483.4902065,1464158.0,28423.61,797598852.4797782
2023-10-03,28928.96555,794301815.426502,1202377.0,13562.03527,372402100.7967511
2023-10-04,29816.142,820421385.2557853,1188381.0,15077.70185,414806576.3484014
2023-10-05,30681.49619,849415594.0472504,1210397.0,14985.99405,415039706.5866476
2023-10-06,37983.24277,1052864393.8176136,1326700.0,19091.24006,529241188.557369
2023-10-07,13348.83825,372820279.523143,641623.0,6392.35089,178534947.7787839
2023-10-08,19693.56921,549839951.4800811,822730.0,9216.08271,257333249.5330772
2023-10-09,31534.74639,870014634.3621609,1156525.0,15077.43003,415887241.10445
2023-10-10,22776.84383,626258724.2775784,1002272.0,10851.22317,298354384.6981499
2023-10-11,37349.44706,1007065585.9346406,1336479.0,17460.0774,470620209.7857446
2023-10-12,23428.64112,626909068.3868717,1066082.0,11128.85943,297794983.5412317
2023-10-13,24115.76499,647553796.3580662,1035322.0,11209.65389,301049285.742293
2023-10-14,10417.25576,280059019.0534013,517837.0,4378.85219,117730324.8186729
2023-10-15,15274.6917,412673965.3439348,682942.0,7802.69243,210833694.1344327
2023-10-16,78399.22445,2210785548.2360964,2289339.0,40738.04173,1148700588.6793344
2023-10-17,38428.44532,1090741746.4830873,1345810.0,18994.06799,539218488.3415859
2023-10-18,32162.47591,914773525.152758,1215235.0,15590.14442,443515753.8170772
2023-10-19,35895.50179,1023984017.0322788,1330256.0,18427.23743,525695852.5632501
2023-10-20,59422.0992,1753411192.551091,1915748.0,29466.75927,869634841.3281221
2023-10-21,27517.51897,821964508.4353629,1152137.0,13836.12444,413323530.3421796
2023-10-22,22852.54563,683854827.8969322,1008299.0,11161.46844,334011129.2314961
2023-10-23,93513.64246,2941620022.865188,2839938.0,47839.23087,1505815243.5676994
2023-10-24,115265.02418,3933194868.161196,2850160.0,57409.31981,1959449469.465793
2023-10-25,54887.02529,1888210825.6063828,1643976.0,26150.50377,900236395.3726264
2023-10-26,39744.66255,1363077907.10912,1382785.0,18528.43061,635547858.4928182
2023-10-27,32330.40106,1096889423.419842,1112240.0,14310.32429,485405697.9244014
2023-10-28,16880.13144,575936523.347353,607438.0,8313.30759,283656619.5863619
2023-10-29,20685.52176,711652985.1790963,717480.0,10053.96096,345933681.7968467
2023-10-30,33657.95976,1159771907.642105,1117727.0,15237.56781,525162190.5371194
2023-10-31,32737.89822,1125442444.4884882,1179053.0,15843.795,544722903.4968481
2023-11-01,53473.28165,1856348820.4794536,1624635.0,25779.0029,895387891.4676665
2023-11-02,48015.57732,1686141698.092171,1450837.0,23303.3535,818365718.9549311
2023-11-03,39071.20644,1347962831.5658624,1237373.0,19168.85669,661176167.7749346
2023-11-04,18377.55545,639958598.4198353,794787.0,9229.16649,321479754.9172934
2023-11-05,24528.73376,859350974.0014893,1038468.0,11870.33193,415912075.9000027
2023-11-06,22346.47086,782427702.2653205,988246.0,10770.27727,377126281.1530906
2023-11-07,38688.73692,1358031361.1978526,1352796.0,19375.26868,680382009.6599416
2023-11-08,33401.34137,1185492160.4927278,1132568.0,17192.8245,610314635.3798897
2023-11-09,82537.88885,3033417922.782681,2138765.0,42156.81236,1550254981.0451877
2023-11-10,43414.04898,1605069174.5241032,1297729.0,21388.56879,790671818.768367
2023-11-11,22984.97235,851924612.7339427,923300.0,10728.65792,397673179.6679197
2023-11-12,17687.18874,655570813.1382711,810885.0,8506.46051,315285367.544748
2023-11-13,32798.18252,1208037462.3041444,1217191.0,15442.44512,568916594.9113173
2023-11-14,45503.68416,1639130785.08681,1404428.0,21205.18615,763841642.880878
2023-11-15,53569.13385,1963249656.5094736,1545427.0,28142.1424,1031669501.9934208
2023-11-16,47490.39566,1744503339.0151725,1542446.0,22214.04928,815932555.1331269
2023-11-17,38283.61112,1391225051.1923273,1349322.0,18403.36411,668865883.1417465
2023-11-18,17102.24186,624434069.5256634,784498.0,8101.54756,295795105.4300323
2023-11-19,21246.34648,781531839.4371592,862400.0,10575.25293,389089868.806342
2023-11-20,36022.70291,1343722642.386475,1485050.0,17591.22652,656245983.7397183
2023-11-21,47646.54804,1756747495.981855,1936895.0,22371.42068,824920009.55786
2023-11-22,45051.30697,1657141022.427348,1648374.0,23046.71174,847145468.3259536
2023-11-23,23827.92882,888826648.8541473,992284.0,11086.35132,413539343.9448205
2023-11-24,44680.80646,1688715728.079148,1379414.0,22349.17236,844803081.6321824
2023-11-25,11396.14464,430165251.7609749,569448.0,5153.91116,194536221.2850941
2023-11-26,21264.53723,797321193.5893991,848020.0,10204.51641,382571274.0460782
2023-11-27,30001.07376,1112557435.2767923,1238017.0,14458.63822,536129095.5668442
2023-11-28,37544.46667,1414360251.6823456,1272779.0,18168.56198,684514270.9388717
2023-11-29,32994.19107,1252586505.66259,1131353.0,15588.96473,591917955.4743968
2023-11-30,24740.29147,934491058.960814,1007791.0,11484.45424,433772722.5045634
2023-12-01,43415.66324,1669750777.6239817,1523417.0,22408.27301,861977420.1631953
2023-12-02,26696.92161,1043421976.7660652,1034690.0,13166.65386,514763687.5746009
2023-12-03,26710.65335,1059860641.0494444,1151524.0,13333.29632,529259227.1675092
2023-12-04,79272.33059,3285736844.1408806,2112219.0,38595.61905,1599710862.0871768
2023-12-05,67490.74644,2890205389.4901266,2072700.0,34815.80813,1491813847.238968
2023-12-06,51431.10492,2256979505.594805,1876282.0,25092.62492,1101273363.0864296
2023-12-07,47103.26845,2046945851.8836448,1414759.0,22635.67672,983629776.4938614
2023-12-08,42900.37556,1875581755.4469104,1311268.0,20818.67861,910357262.894073
2023-12-09,24925.97008,1096487106.564834,987352.0,11598.00774,510255993.8680859
2023-12-10,18956.61758,830485162.5569535,830667.0,8841.90643,387376075.3824843
2023-12-11,76663.89804,3205540835.511434,2087142.0,36499.24269,1525642878.1521034
2023-12-12,42722.69773,1773961284.3375635,1526411.0,21394.91158,888438328.8915346
2023-12-13,45865.99773,1919703389.4848804,1724659.0,22354.97386,935785466.0225856
2023-12-14,42047.05709,1798740625.30166,1599536.0,20579.79343,880356342.3815118
2023-12-15,33421.7932,1416898938.509979,1323628.0,16321.13654,691713304.7485888
2023-12-16,24118.85747,1020469627.8857332,1180886.0,12193.50511,515909440.9100929
2023-12-17,27722.11452,1161963642.9627964,1227634.0,13245.86404,555309260.127941
2023-12-18,46734.0925,1936003306.0825727,1741647.0,23255.79871,963775419.5731498
2023-12-19,40927.86444,1747830242.4615936,1609188.0,20163.65946,861082883.3110158
2023-12-20,48710.2947,2115813869.779619,1934588.0,23912.13682,1038694005.77614
2023-12-21,34624.29384,1514529919.1877797,1500702.0,17058.89545,746266380.7692404
2023-12-22,32783.19638,1436074497.5128598,1404109.0,16049.22275,703199211.0393196
2023-12-23,16557.1293,722943825.3332176,849658.0,7765.30564,339046509.1677196
2023-12-24,25144.33496,1093460634.889423,1137678.0,11841.26614,514962029.1783347
2023-12-25,27021.23992,1172053386.5109816,1168428.0,13691.2393,593900885.8031462
2023-12-26,41010.04282,1746333612.304945,1475816.0,21096.16634,898267435.237983
2023-12-27,36191.21136,1554082990.052276,1439770.0,18982.83267,815239612.617364
2023-12-28,35150.52485,1508408742.378081,1391826.0,17422.8191,747631903.055399
2023-12-29,42597.18912,1803086285.2465773,1571137.0,21195.34128,897324724.7968955
2023-12-30,22906.57818,964875790.984935,936545.0,11727.69648,494133887.9071811
2023-12-31,23585.91603,1001519241.5559052,1016484.0,11997.14865,509478742.7445108
2024-01-01,27174.29903,1169995682.0280013,1114623.0,14331.7318,617352094.5605195
2024-01-02,65146.40661,2944331821.823076,2247532.0,33817.14447,1527964124.2375848
2024-01-03,81194.55173,3507104563.744232,2658041.0,39103.99162,1687665202.9513144
2024-01-04,48038.06334,2095095359.4936347,1819944.0,23605.90059,1030075267.839013
2024-01-05,48075.25327,2100953924.3687155,2064845.0,24015.06426,1049655019.1400094
2024-01-06,17835.06144,781212883.4916061,956642.0,9048.57073,396341787.3638776
2024-01-07,23023.8508,1014635096.1241482,1109259.0,11613.52347,511871007.5258263
2024-01-08,72814.57589,3298772150.681508,2364464.0,38728.8053,1755312207.668183
2024-01-09,69927.66617,3251442072.8083963,2637745.0,34825.45429,1620151226.3362696
2024-01-10,89911.41203,4123809481.712767,3133588.0,46910.79439,2153126701.3521643
2024-01-11,87470.3296,4105139605.028302,2998451.0,44076.1683,2070467939.6599925
2024-01-12,86327.93707,3827483735.576057,2809192.0,41707.58066,1850840878.9778297
2024-01-13,36118.47464,1547370611.5531662,1434243.0,17748.09824,760432218.2454551
2024-01-14,28228.40894,1202212782.257693,1235727.0,13690.30843,583261659.738576
2024-01-15,40269.89303,1718982911.1081028,1657611.0,19924.7603,849997411.087583
2024-01-16,45045.74589,1931947150.05907,1716580.0,24064.55667,1031525441.9352086
2024-01-17,33266.21388,1419888430.9228892,1438172.0,16648.20529,710532768.0475779
2024-01-18,43907.51641,1839426541.263579,1466087.0,21085.14336,883292634.2063637
2024-01-19,48342.74559,1993846466.538752,1641428.0,24347.5002,1004478721.3792056
2024-01-20,15923.99493,662768008.1509343,807324.0,7557.36632,314535141.9955636
2024-01-21,11730.16301,489151571.0309043,657817.0,5576.56045,232552207.1607329
2024-01-22,55426.19911,2247452153.7954326,2147250.0,26788.13985,1086650848.0670526
2024-01-23,57956.63351,2275851990.6468267,2043925.0,30913.97177,1214417243.6964118
2024-01-24,39293.82861,1569704923.8307493,1675615.0,20673.05725,825887009.4744226
2024-01-25,31022.11853,1238813296.1526136,1291233.0,15685.24919,626369240.3733964
2024-01-26,47384.96726,1951700659.289807,1624861.0,24674.75551,1016105199.7171212
2024-01-27,16224.41667,678418702.3509445,751148.0,7485.64978,312938659.2480243
2024-01-28,27294.99838,1154365891.668259,1032493.0,12971.1882,548670338.639401
2024-01-29,31542.74207,1343462280.3618684,1197856.0,15996.88627,681504721.3585126
2024-01-30,37619.24546,1633251085.6713595,1316610.0,19317.29993,838876408.4556684
2024-01-31,39871.13688,1711665577.0530825,1499559.0,20289.94825,871009715.1702207
2024-02-01,35231.04664,1497121440.6440022,1392269.0,18134.84304,770635549.4842128
2024-02-02,29672.14418,1277919437.2905612,1086342.0,15645.5711,673834785.747791
2024-02-03,12033.40998,518775350.0336009,609962.0,5691.78572,245377398.5105957
2024-02-04,17066.89404,730999557.7083682,931235.0,8427.12671,360928641.0597722
2024-02-05,29467.75905,1262620640.5407174,1317397.0,14984.06962,642077579.5827268
2024-02-06,24675.85433,1061049582.6002768,1120760.0,12810.98205,550866463.7409194
2024-02-07,34392.59915,1496013692.382922,1378809.0,17755.87738,772721372.4443885
2024-02-08,45439.62231,2042912128.1517663,1863650.0,22731.52397,1021963499.800335
2024-02-09,73503.481,3453043306.420976,2323884.0,37360.96419,1754880225.38021
2024-02-10,24802.35936,1176079377.6922762,1323421.0,12740.69912,604397015.51796
2024-02-11,29958.80837,1443314885.7714052,1407270.0,15741.38294,758411879.955689
2024-02-12,59009.96705,2898220863.0181804,1939394.0,30797.43359,1512688561.6888654
2024-02-13,55551.56706,2745025370.067447,1741811.0,28409.79337,1403783512.6809905
2024-02-14,57046.37401,2919604456.723313,1859392.0,29664.5183,1518339681.334602
2024-02-15,53816.03055,2802825737.9920154,1786569.0,26722.58656,1391971339.715806
2024-02-16,37772.25318,1965003863.9713345,1583711.0,18309.89888,952708587.7324988
2024-02-17,25674.00622,1319908544.979089,1427773.0,12655.51593,650426057.1976154
2024-02-18,21992.10363,1139209588.4334626,1375422.0,11281.34692,584447328.1142722
2024-02-19,29534.99432,1539600521.6007729,1542990.0,15266.36204,795825023.6442236
2024-02-20,49614.47318,2574874999.3787174,1971912.0,24994.25062,1297330385.005093
2024-02-21,43079.40049,2210278288.725095,1824860.0,22239.73293,1140905416.956252
2024-02-22,35309.44574,1820949707.158534,1688184.0,17830.4673,919599483.9078616
2024-02-23,30545.79544,1559143576.8296163,1487039.0,14610.80906,745820955.2560463
2024-02-24,16560.4211,847793393.571868,855015.0,8462.15627,433239599.4239887
2024-02-25,18721.63159,966951114.4504628,923992.0,9544.17672,492952522.6816389
2024-02-26,51256.72199,2710403072.980595,1808909.0,27198.83551,1438371804.1101012
2024-02-27,67194.98562,3795949115.224932,2414285.0,34970.25885,1975472154.5115736
2024-02-28,118763.46984,7162581994.48574,3895062.0,62066.63936,3742433894.945077
2024-02-29,78425.07603,4872212871.27608,3169405.0,39463.06931,2452515504.8686514
2024-03-01,47737.93473,2956537377.9660296,1947444.0,24195.70252,1498771144.099956
2024-03-02,25534.73659,1582566973.834093,1641808.0,12691.37721,786583052.0862726
2024-03-03,28994.90903,1804536272.9443457,1992011.0,14905.186,927868983.7308432
2024-03-04,84835.16005,5568877537.081252,3887853.0,45319.0864,2974396037.6857204
2024-03-05,132696.7813,8674526591.287142,5310706.0,65991.84526,4318205559.64365
2024-03-06,78738.85491,5197743036.597276,3302981.0,40344.32596,2663883160.206962
2024-03-07,53059.8869,3548088039.2736087,2428227.0,27935.66302,1867854683.98203
2024-03-08,74261.932842,5044395324.399055,2943927.0,37711.514581,2563347797.5286803
2024-03-09,19872.89743,1355964036.909299,1345341.0,10005.592,682720256.0028228
2024-03-10,38404.66835,2659307501.0945783,2139518.0,19188.79904,1328747995.9940257
2024-03-11,75292.825726,5352704377.618805,3043414.0,39435.855459,2803359303.286973
2024-03-12,68783.546691,4909667978.559339,3047890.0,34517.212933,2465202174.407226
2024-03-13,52659.711647,3829764501.253793,2501197.0,26787.082237,1948382241.8894603
2024-03-14,71757.628746,5132189849.096632,2994869.0,35676.748326,2552190396.8890066
2024-03-15,103334.03546,7065279917.872112,3904445.0,49844.66515,3409385750.021177
2024-03-16,55926.95336,3788544202.884856,2729019.0,27240.19894,1846731512.2736232
2024-03-17,49742.21589,3322963634.2425127,2449156.0,25328.29435,1692079618.2113106
2024-03-18,55691.08088,3768277912.418918,2464515.0,28529.67219,1930726566.249246
2024-03-19,101005.32487,6484805948.535393,3593832.0,48205.28434,3095258881.7022734
2024-03-20,90420.58592,5769770052.062583,3549793.0,45523.84281,2907222064.1312914
2024-03-21,53357.48002,3551223142.964417,2388390.0,26650.09786,1774833851.2215245
2024-03-22,51482.37821,3310481978.107645,2492881.0,24578.87957,1580940164.1212375
2024-03-23,26410.11409,1706152172.6316135,1753566.0,12749.00823,823892846.714977
2024-03-24,31395.78015,2059312948.648688,1880774.0,16689.65617,1095820626.0291996
2024-03-25,53431.14486,3679964073.811213,2632220.0,27815.58769,1915614174.2397635
2024-03-26,38934.38417,2738537345.33588,2176807.0,19498.85666,1371708206.538872
2024-03-27,49119.35685,3426458581.943343,2453366.0,24902.3347,1737325915.8344178
2024-03-28,35439.03239,2500571208.0026274,1799897.0,18007.26883,1270852446.707745
2024-03-29,25445.08353,1779608477.3224535,1522607.0,11839.0929,828039936.6854533
2024-03-30,13644.61142,954555919.6855744,1110488.0,6423.89367,449436189.733619
2024-03-31,19396.34433,1367523707.261245,1181926.0,10142.47988,715151368.946302
2024-04-01,41445.32039,2876486469.465523,1893438.0,20211.15024,1402849944.782289
2024-04-02,71799.82793,4750030717.922425,2662410.0,35520.17401,2348263612.3034706
2024-04-03,39887.21778,2630556596.1359286,2172096.0,20618.58747,1360363531.1659515
2024-04-04,41510.48453,2795469450.572386,2000945.0,21013.32173,1415699952.0381584
2024-04-05,37915.23073,2555458935.236009,1901980.0,18889.98453,1273220222.7625887
2024-04-06,20134.28919,1373131967.764819,1171460.0,9973.86412,680800856.2096505
2024-04-07,21534.74433,1496213373.1855776,1269048.0,11149.90398,774906774.5282812
2024-04-08,45723.87624,3270853309.6629424,2037025.0,25309.90487,1811209901.716354
2024-04-09,39293.90242,2749007421.6421075,1804157.0,18896.53756,1321865585.238052
2024-04-10,42006.02377,2901564970.815804,1852170.0,20269.34809,1401023003.7318227
2024-04-11,31917.25595,2247473274.6162577,1658995.0,15908.49124,1120249990.7357526
2024-04-12,56072.86229,3843551585.321274,2496617.0,25935.86464,1777808491.1704545
2024-04-13,71395.22019,4614468627.809045,3341340.0,33221.6695,2144846149.680918
2024-04-14,61599.17818,3946124834.6970353,2657953.0,29732.29634,1904847012.5093088
2024-04-15,52389.53069,3398072231.5612235,2539048.0,25206.68008,1634572976.939813
2024-04-16,53435.29331,3355338198.446913,2604354.0,26041.2664,1635683129.3076532
2024-04-17,50610.54509,3128625247.4738536,2458327.0,24346.74671,1506361259.7013583
2024-04-18,43601.60918,2726741448.886802,2142511.0,20870.20705,1305027167.9395082
2024-04-19,69774.30271,4419893235.183288,2828284.0,34941.50216,2214809735.240241
2024-04-20,23137.42975,1486949581.439479,1376712.0,11811.8444,759077474.2972904
2024-04-21,19316.42152,1254396628.1531763,1390153.0,9734.71767,632257865.0082499
2024-04-22,31397.99371,2071690434.976552,1816591.0,16466.05497,1086399264.6092272
2024-04-23,22599.90004,1502139968.7198818,1433915.0,10854.17402,721404825.847041
2024-04-24,33595.69637,2195714861.657656,1784897.0,16899.50969,1104368114.1058698
2024-04-25,31341.46338,2007704069.2622728,1375324.0,14808.62959,948738136.268438
2024-04-26,27085.19346,1736631357.3537388,1025561.0,13570.23647,870093757.518899
2024-04-27,20933.06052,1320337707.7871158,912422.0,9903.95325,624733409.2112879
2024-04-28,16949.20005,1078450016.4732296,790652.0,7941.33811,505261267.5695052
2024-04-29,28150.22947,1765038324.6837213,1152296.0,13986.59437,877053322.3079969
2024-04-30,54947.65535,3372142467.4322524,1985671.0,26385.41614,1620421850.578699
2024-05-01,81166.46823,4705572361.7402,2401089.0,38203.57377,2213404278.590011
2024-05-02,47583.81961,2778840305.0505786,1572898.0,23240.7537,1356148775.8867364
2024-05-03,43628.40143,2658193708.347904,1558661.0,22145.44334,1349687455.5957608
2024-05-04,24368.69282,1547468697.8765798,1113509.0,12671.20599,804768764.3062501
2024-05-05,18526.75029,1182572239.5306182,992921.0,8954.93439,571783428.2394707
2024-05-06,34674.91949,2218131198.4661326,1392557.0,17179.56031,1099303474.2805216
2024-05-07,25598.79472,1624531631.592377,1272898.0,12502.38281,793575994.2141025
2024-05-08,26121.19004,1623561041.1255188,1415152.0,12669.58179,787749415.5480814
2024-05-09,30660.8061,1895849912.773476,1381957.0,15120.01471,935341755.6782354
2024-05-10,36529.34025,2255550468.413852,1500643.0,18066.83174,1116494638.2804892
2024-05-11,13374.56936,814928013.4573288,753281.0,6223.09555,379263096.215133
2024-05-12,12753.13236,781041632.4623835,727113.0,6416.91108,393132351.8883925
2024-05-13,32733.41839,2041896626.6108148,1371433.0,16717.90863,1043060982.35746
2024-05-14,29088.72041,1800171876.1676655,1127939.0,13815.81443,855088066.212488
2024-05-15,43559.74719,2794259631.8910465,1729454.0,21797.84094,1398781701.4413886
2024-05-16,31106.3671,2045507646.8293848,1269793.0,15645.11263,1028962305.104384
2024-05-17,26292.23409,1745971822.3447454,1117254.0,13301.09525,883129353.163343
2024-05-18,14441.25774,967145944.6835316,734067.0,6911.13424,462859253.5879108
2024-05-19,18025.30409,1204989222.8768685,823729.0,8692.17507,581378180.3374597
2024-05-20,50816.7011,3485474763.752294,1930939.0,26792.52994,1839346667.540789
2024-05-21,49607.4336,3509345769.233608,2137448.0,24686.27911,1746693652.328722
2024-05-22,27673.18026,1931700812.3032143,1371973.0,13124.78731,916344293.9104756
2024-05-23,40513.17374,2766790260.7886024,1827855.0,19791.15119,1351640092.5813658
2024-05-24,28095.83664,1906438696.7156007,1165907.0,14344.29889,973457354.6957756
2024-05-25,12130.39418,837339788.9838961,703803.0,5851.95991,403954862.6694792
2024-05-26,11872.11797,818914878.9908898,722849.0,5934.62083,409411078.5460924
2024-05-27,23136.92737,1604722197.8374028,1219341.0,11709.62174,812172288.2576373
2024-05-28,32622.97042,2224860225.7992225,1459351.0,15543.09776,1059920452.3146172
2024-05-29,23159.83149,1573095221.6483984,1221044.0,11748.55954,797928379.3669178
2024-05-30,28478.2184,1945001081.521587,1272851.0,14074.36655,961595245.1787834
2024-05-31,26690.32184,1812659052.2496767,1177860.0,13258.10182,900414200.1161768
2024-06-01,8837.66133,598305207.9932046,638484.0,4235.27045,286752060.4028929
2024-06-02,15426.32529,1046827665.3829314,812348.0,7760.23377,526768921.1262222
2024-06-03,29633.374,2047757076.226836,1253789.0,15308.67275,1058024704.3533732
2024-06-04,29619.78489,2069902136.99324,1254515.0,14922.96734,1043071241.6284808
2024-06-05,28703.18082,2040073765.8676395,1055115.0,14210.23392,1010053925.7910814
2024-06-06,21842.00449,1551467659.1542966,900226.0,10287.3911,730849194.230399
2024-06-07,35598.45045,2507250591.3329782,1516415.0,17318.78051,1220810920.344433
2024-06-08,9773.82967,678267390.5310388,714103.0,4772.23036,331182466.9003425
2024-06-09,9890.56709,687344656.0725566,575583.0,4883.69296,339405376.0815447
2024-06-10,17122.66941,1192466549.9691226,936731.0,8412.00246,585909223.775813
2024-06-11,41436.01588,2793799020.4691243,1782415.0,19839.8232,1337254654.9989924
2024-06-12,37175.32356,2550285139.184372,1670745.0,18975.89081,1302069589.6416814
2024-06-13,29079.55571,1958897960.917292,1518202.0,13886.14007,935614189.6986812
2024-06-14,28408.18797,1884451554.428285,1736314.0,13619.40861,903708200.7849748
2024-06-15,11451.80242,758175888.0283372,700886.0,5495.02083,363796116.4535752
2024-06-16,9392.52223,624653672.6138575,703295.0,4750.05166,315940653.9926121
2024-06-17,27386.16851,1812061226.7565656,1542620.0,13716.89431,907703353.5304952
2024-06-18,42350.10244,2755141806.0310903,2151711.0,20076.41361,1305946733.5892808
2024-06-19,20060.79576,1307731953.9545317,1078458.0,10289.7818,670875724.3137285
2024-06-20,24265.29031,1584896152.1663702,1282687.0,11828.87934,772646071.2169966
2024-06-21,25993.56442,1665541539.708616,1362617.0,12543.2596,803462610.6919086
2024-06-22,7308.95542,470027247.3402083,562832.0,3756.29045,241583895.4543618
2024-06-23,8224.45447,526848525.0029452,592759.0,3974.67964,254685735.5338773
2024-06-24,52161.35414,3180853460.924751,2190787.0,24495.59428,1493633137.5266542
2024-06-25,31189.24361,1914901308.84587,1277481.0,15360.08458,943071608.5109416
2024-06-26,22485.66463,1381716993.355492,1112152.0,11435.02653,702676210.4365481
2024-06-27,18344.28631,1126705164.782892,1062176.0,9298.265,570914131.0571834
2024-06-28,24821.19255,1519872032.026636,1479626.0,12661.53908,775499790.7912346
2024-06-29,11509.55904,701345872.4881144,767669.0,5461.68911,332791254.6908993
2024-06-30,17326.30136,1070250012.5446604,1108912.0,8224.44601,508208752.0856987
2024-07-01,24547.10538,1550980813.6701343,1461508.0,12388.60654,782785773.8355592
2024-07-02,18573.11875,1160792332.6175597,1308816.0,9453.17931,590763216.5799825
2024-07-03,32160.11127,1945901232.9066567,1839372.0,15055.45492,910631739.6738484
2024-07-04,54568.77276,3168619756.2436485,2523236.0,24982.98822,1450509608.6804216
2024-07-05,81348.24756,4515040083.536515,3749255.0,37926.65162,2104682004.516682
2024-07-06,21651.31558,1235398733.4357028,1411065.0,11083.50401,632724011.5474728
2024-07-07,19118.93918,1094135752.452869,1289229.0,9081.66872,519830378.935563
2024-07-08,48090.2049,2699942701.375511,2554389.0,23963.90684,1346497811.2117922
2024-07-09,27732.20788,1592351321.655387,1757693.0,14143.25001,812249336.7493434
2024-07-10,24951.73799,1452293495.6501489,1766696.0,12423.53162,723209557.6496755
2024-07-11,29761.05735,1728929618.0583844,2157661.0,15019.30135,872986677.1195273
2024-07-12,23652.4569,1360201319.0761504,1749738.0,11488.82545,661028735.6644312
2024-07-13,15357.74519,900429281.1482327,1114391.0,7889.36244,462600767.8610776
2024-07-14,21178.33907,1273562988.611176,1456088.0,10479.46025,630300143.2598463
2024-07-15,38690.9782,2435540879.028933,2600425.0,19076.54212,1201411783.6666038
2024-07-16,42530.52915,2725231969.2884507,2484783.0,21595.04799,1384337933.3310027
2024-07-17,29567.52954,1922412273.088209,1868671.0,14616.17013,950725865.5856608
2024-07-18,22568.7225,1449872437.6497972,1696742.0,11288.35191,725073622.705674
2024-07-19,35634.72739,2331517674.368659,2184889.0,17971.06949,1176753281.038326
2024-07-20,14386.92434,961878801.8482212,995093.0,6868.63454,459313955.2534891
2024-07-21,21819.11191,1465757867.9747434,1322942.0,11412.05459,766856991.8425376
2024-07-22,21451.04303,1448418369.8467095,1558140.0,10263.9504,693063991.1191068
2024-07-23,31406.15316,2088544473.323508,1772089.0,15168.84798,1008794779.0389912
2024-07-24,23082.56277,1526490826.466997,1391053.0,10827.75551,716084205.2016414
2024-07-25,35126.42934,2266419771.224864,1830360.0,16579.45258,1070150879.3639548
2024-07-26,24244.36023,1630839588.6966548,1406982.0,12444.52129,837159298.5663502
2024-07-27,31710.21921,2162335067.023417,1690591.0,15838.9282,1080427116.1916444
2024-07-28,10868.69394,736755676.1377451,821210.0,5403.48694,366295409.635027
2024-07-29,36467.29633,2499265962.091455,1952812.0,18196.23316,1248743452.5576787
2024-07-30,23132.25441,1533270724.799421,1622083.0,11096.82554,735708436.0236866
2024-07-31,22625.43905,1489443332.5960116,1609976.0,10818.48504,712275323.706937
2024-08-01,35542.26854,2270877792.65868,2397257.0,16886.93292,1079221072.7580278
2024-08-02,38820.42937,2469588785.6981573,2457735.0,18202.35794,1158565579.090291
2024-08-03,28034.71567,1711555901.18011,1669555.0,12947.95791,790701622.6375737
2024-08-04,31616.52003,1874490041.5437355,1886195.0,14556.6247,863334319.9678984
2024-08-05,162065.59186,8580928177.429901,7568497.0,77363.26323,4097736999.067924
2024-08-06,55884.77676,3119018848.329888,3433824.0,27934.19288,1559417942.6490836
2024-08-07,44269.37684,2490553853.602583,2397504.0,21897.14983,1232415104.4472857
2024-08-08,48349.52949,2836312292.431818,2603042.0,25676.29533,1508140014.000517
2024-08-09,30972.48017,1878350555.5122635,1827809.0,15023.05073,911225295.6263436
2024-08-10,9995.20621,607372221.2460397,800499.0,4893.63854,297435046.0025079
2024-08-11,19189.84512,1152081498.1567774,1319469.0,9094.74521,546165456.9550736
2024-08-12,37009.91743,2186851067.316586,2293837.0,18279.26596,1080368631.1427846
2024-08-13,27858.95851,1668247896.8477187,1713485.0,13647.22341,817397824.2293857
2024-08-14,28422.76326,1705464263.505865,1729342.0,13263.8962,796386901.3641165
2024-08-15,37686.17622,2194915865.052229,2507858.0,17255.22311,1005337423.726424
2024-08-16,27610.84344,1614654900.3332715,1999539.0,13963.51824,816740633.5454462
2024-08-17,7721.72931,457737705.7722839,807159.0,3871.6531,229477473.8098391
2024-08-18,13634.85717,813166580.7264851,1099730.0,6660.58254,397459480.8719823
2024-08-19,22809.31251,1336287900.197634,1636295.0,11350.30776,665066212.7595356
2024-08-20,31477.44548,1890620149.79102,1904519.0,16041.22019,964180516.15294
2024-08-21,27983.6422,1682529555.0960546,1981525.0,14156.90984,851829721.3994548
2024-08-22,21241.20588,1288544247.9560175,1718280.0,10269.33376,623042041.0781735
2024-08-23,38118.07089,2375916932.7935486,2555682.0,20372.88336,1270318490.0257754
2024-08-24,15857.15616,1015774255.1740764,1551856.0,7643.02686,489673236.6598002
2024-08-25,12305.47977,789935122.9930242,1263065.0,6315.72233,405555580.8604438
2024-08-26,19470.05276,1238341818.4320166,2152841.0,8995.67609,572188217.6295675
2024-08-27,35135.94178,2158144642.992993,2995281.0,15873.1536,975361314.8776592
2024-08-28,36868.54275,2183054412.974087,3664134.0,17135.91162,1014904733.0685128
2024-08-29,27020.90743,1617931684.258576,2743900.0,13152.3859,787682410.3518869
2024-08-30,28519.32195,1680918972.4658496,2845696.0,13783.34749,812769089.2849813
2024-08-31,8798.409,519849184.8690446,895944.0,4195.93079,247955494.3591592
2024-09-01,20705.15741,1202176847.3910584,2153180.0,9651.50531,560452387.8985474
2024-09-02,22895.01461,1333092369.4465685,1966119.0,11295.25452,657496577.6304803
2024-09-03,22828.18447,1335076815.8599248,2208758.0,10979.79204,642252673.1132113
2024-09-04,35560.82146,2027630870.179676,3177549.0,16861.75483,961923197.778253
2024-09-05,27806.91413,1577770853.1007974,3368058.0,12955.8897,734996919.3590955
2024-09-06,54447.76826,2988914918.924334,5287281.0,25325.18849,1390546230.881093
2024-09-07,16694.04774,905693342.5898322,1920923.0,8023.90683,435381439.0095956
2024-09-08,16274.14779,885743172.9184759,1796092.0,8031.76084,437221897.1104152
2024-09-09,32384.51737,1809715390.0493293,3355912.0,16412.83148,917669512.2220292
2024-09-10,23626.78126,1349365460.0900571,2843148.0,11690.37506,667774722.6993911
2024-09-11,33026.56757,1875738697.378416,4045103.0,15979.30786,907634258.5649892
2024-09-12,31074.40631,1802848638.0757017,3706764.0,14783.00418,857572456.5100869
2024-09-13,29825.23333,1760671733.5492997,3378012.0,15395.13731,909141733.9747654
2024-09-14,12137.90901,728527024.3416963,1288784.0,5570.22098,334303099.7432136
2024-09-15,13757.92361,822410872.3906956,1552950.0,6431.24697,384460724.5703967
2024-09-16,26477.5642,1543273198.7027452,3145152.0,12859.7584,749563220.8060508
2024-09-17,33116.25878,1983378424.775704,3918209.0,16390.65993,981860543.2735816
2024-09-18,36087.02469,2174000496.820776,5167671.0,18429.59712,1110622778.7510853
2024-09-19,34332.52608,2153175931.1738715,4438284.0,17609.62958,1104427424.5246968
2024-09-20,25466.37794,1611195963.9908044,3969296.0,12411.32227,785440558.8125728
2024-09-21,8375.34608,528657852.3183024,1283611.0,3877.73743,244802615.7845593
2024-09-22,14242.19892,897477338.3735127,2145736.0,6923.17369,436456231.9537881
2024-09-23,24078.05287,1531015038.3680267,3999187.0,12331.07643,784350440.7145653
2024-09-24,23185.04759,1472720338.8562915,3870157.0,11522.89363,732118662.4171054
2024-09-25,17813.11168,1135250828.2732148,3355531.0,8384.67983,534590429.2105493
2024-09-26,28373.30593,1831204595.9448967,4361333.0,15041.9886,971176161.3870806
2024-09-27,22048.80487,1448852210.3602211,3498529.0,11092.85716,729156061.3679231
2024-09-28,9127.23316,600118483.1222521,1341703.0,4501.22534,296026669.8337066
2024-09-29,8337.74111,547980013.7152303,1413449.0,4132.9378,271622295.3535291
2024-09-30,30011.08752,1920250261.744216,3978584.0,14451.93044,924324016.7358449
2024-10-01,43671.48108,2723672081.8326254,5607069.0,20951.74486,1308603194.33104
2024-10-02,31534.70118,1928377637.836784,5313210.0,15719.32519,961468320.5154728
2024-10-03,26221.43472,1590773866.8074434,5244004.0,12906.51464,783073701.7331173
2024-10-04,21294.65994,1311145630.5020497,3798631.0,10689.34488,658151113.9351828
2024-10-05,7807.46141,484588468.3419123,1183175.0,3690.55536,229107774.75427
2024-10-06,8906.86177,555669634.4773514,1556553.0,4798.29924,299426562.8303448
2024-10-07,25966.1852,1646315506.5791943,4809342.0,12760.73415,809108823.5126126
2024-10-08,19702.22371,1230076253.818657,3798438.0,9614.36947,600357593.787378
2024-10-09,20011.15684,1234778807.5932417,3668363.0,9454.70171,583725546.0309885
2024-10-10,23967.92481,1445604381.9363792,3872577.0,10827.77272,653182369.9427671
2024-10-11,23641.35209,1462219576.849865,3222180.0,12099.56755,748431117.9165705
2024-10-12,10911.30116,686978508.9887543,1770837.0,5196.91695,327263147.4760401
2024-10-13,11909.21995,746564374.2082387,2242529.0,5855.04617,367046338.9194209
2024-10-14,37669.95222,2450094472.813545,4977577.0,19941.11906,1297062359.2474864
2024-10-15,43683.95423,2894021862.319518,6245619.0,21820.682,1446378130.5659852
2024-10-16,29938.25544,2024560410.106268,5109685.0,15212.87402,1029210667.4758284
2024-10-17,25328.22861,1702164439.5654595,3981960.0,12153.94712,816887407.4042379
2024-10-18,28725.635,1959735899.8769643,4010969.0,14218.1785,970440964.2668116
2024-10-19,8193.66737,559628628.9613105,1152428.0,4071.19627,278085065.5176925
2024-10-20,12442.47378,854082429.8105861,1563795.0,6772.92574,465001555.930983
2024-10-21,31374.42184,2130833593.5466976,3686777.0,13593.60828,923860758.4208844
2024-10-22,24598.96268,1654285791.6605556,3669291.0,12400.51857,834160889.2398736
2024-10-23,25530.2407,1695101430.9187467,3807365.0,11888.33995,789384635.110686
2024-10-24,22589.83877,1526736320.912938,3797462.0,11502.58514,777936396.524746
2024-10-25,34479.71125,2320667435.293254,5332593.0,16031.032,1079347459.1549635
2024-10-26,11842.9077,792887047.147892,2373501.0,6069.18986,406369780.1532944
2024-10-27,8653.19592,585006148.4704809,1771989.0,4417.7362,298699666.9984393
2024-10-28,29046.75459,2005105729.8174448,4432446.0,15218.34976,1051606096.429826
2024-10-29,50128.60594,3602465986.891757,5645430.0,26898.46516,1932608784.1630373
2024-10-30,26885.99056,1941210537.2882867,4040734.0,13487.21433,973898183.7467278
2024-10-31,29352.10297,2091144977.4946847,4525542.0,14205.13879,1012048241.8498938
2024-11-01,38301.86755,2677358022.00497,4569271.0,18044.1622,1261663986.7596903
2024-11-02,10521.67243,731232427.6311548,1603561.0,5227.50713,363370734.8158011
2024-11-03,24995.70243,1709666206.4062023,3668029.0,12277.58177,839939073.1389577
2024-11-04,29800.39187,2033902307.002776,5377048.0,14927.24077,1019257547.5246848
2024-11-05,33355.06888,2310418908.069922,4955644.0,17059.88663,1181816730.9237833
2024-11-06,104126.994787,7702283270.258009,8434184.0,53243.884427,3938516657.232733
2024-11-07,44869.422345,3391796661.971956,5207722.0,21805.460295,1648278335.300733
2024-11-08,36521.099583,2784449097.5315185,4877489.0,17555.393633,1339019332.1967125
2024-11-09,16942.07915,1294709001.60289,2585264.0,8032.79327,614028515.3001705
2024-11-10,61830.100435,4905441473.900737,7128598.0,32751.012177,2597409399.234963
2024-11-11,82323.665776,6944268709.942721,9348890.0,42837.295314,3613896167.371912
2024-11-12,97299.887911,8540084566.279819,11499058.0,49589.333451,4353451682.829404
2024-11-13,86763.854127,7790928962.043038,11962100.0,44342.329327,3983689817.401445
2024-11-14,56729.51086,5073860815.928665,9828858.0,27940.856,2499212755.773147
2024-11-15,47927.95068,4276238971.181429,8009111.0,24800.61087,2213154236.5096154
2024-11-16,22717.87689,2067958511.904848,4239455.0,11496.31366,1046686701.002946
2024-11-17,23867.55609,2153871724.810395,4930719.0,11852.78227,1070094820.6738938
2024-11-18,46545.03448,4239909950.661894,7161125.0,23628.87098,2153158394.316311
2024-11-19,43660.04682,4025108502.849614,5647789.0,22127.852724,2040301638.1161728
2024-11-20,42203.198712,3950932314.646069,7365987.0,20425.307962,1912348704.247262
2024-11-21,69228.360477,6722807908.325656,9048605.0,35424.063227,3440467290.318527
2024-11-22,46189.309243,4555536773.363205,7271311.0,22709.668193,2240635299.646484
2024-11-23,24757.84367,2431609866.3295145,3839138.0,11176.2487,1097538914.9412584
2024-11-24,31200.97838,3034172011.9517884,4964720.0,15124.12176,1471313633.7467723
2024-11-25,50847.45096,4883444806.322193,8289691.0,23486.92705,2255516841.6102185
2024-11-26,57858.73138,5370918648.818167,10225809.0,29120.26765,2702543576.089108
2024-11-27,41153.42734,3894358511.617565,6648690.0,20316.58245,1922620637.3076184
2024-11-28,28814.54357,2749861591.2596097,4988161.0,14805.69321,1412851841.0751946
2024-11-29,27701.78231,2690451030.634288,5094070.0,13840.21172,1344148785.2636423
2024-11-30,14503.83306,1402672950.6998208,3354759.0,7075.91503,684284805.0234444
2024-12-01,16938.60452,1641327626.6062205,3342200.0,8114.89569,786489040.1936378
2024-12-02,37958.66981,3646639621.737588,7560103.0,18821.93327,1808458555.890584
2024-12-03,35827.32283,3413995542.0186563,5361712.0,17339.11167,1652090703.1755955
2024-12-04,43850.53728,4241994533.786106,6648724.0,22033.60112,2132655972.045
2024-12-05,109921.729662,11048002942.149933,12012364.0,56235.078356,5657171374.763455
2024-12-06,45049.5331,4456641685.364444,6919102.0,21999.62416,2175645718.5533605
2024-12-07,14931.9459,1487953846.8385458,2634566.0,6776.55,675350661.2973348
2024-12-08,14612.99688,1459576946.402151,2994709.0,7152.80173,714745738.9188356
2024-12-09,53949.11595,5283626995.705648,8445872.0,25472.08477,2495722030.5370946
2024-12-10,51708.68933,4988660195.092428,11556189.0,24523.09586,2367164879.170773
2024-12-11,37753.78291,3745703763.01845,8250511.0,19112.84559,1897146318.2111704
2024-12-12,29232.08745,2949462583.8661704,8066322.0,14175.88661,1430984456.6703606
2024-12-13,21904.03923,2203903393.0741005,5481660.0,10669.09365,1073720887.6354558
2024-12-14,14191.70326,1441594367.0463192,3374538.0,6790.24676,689981854.1394897
2024-12-15,22228.921775,2290462903.835791,3638809.0,12668.894355,1305611448.3000977
2024-12-16,41302.40274,4364964400.634553,8048054.0,20349.0995,2150550899.2475224
2024-12-17,29064.936466,3103833327.775107,7212799.0,14187.320446,1515158210.55198
2024-12-18,50307.99755,5194263316.259236,8762120.0,23308.37525,2407213144.2694983
2024-12-19,55147.398,5487546517.707752,7273941.0,26898.63715,2677636003.906506
2024-12-20,62884.1357,6022845238.832326,7429007.0,29463.23021,2822939306.663078
2024-12-21,23483.54143,2296232055.195926,3717638.0,11726.94119,1146732451.4218132
2024-12-22,19353.83036,1857819866.3604,3633551.0,9293.39749,892081877.7627708
2024-12-23,32810.76703,3100007213.494563,5464919.0,16339.58355,1544707289.744369
2024-12-24,23674.22488,2287214424.706476,3421549.0,11969.2539,1156798174.582326
2024-12-25,14474.1651,1426143976.0493636,3283028.0,7006.5265,690465056.5871859
2024-12-26,21192.36727,2049123567.3867724,5203490.0,10071.87249,973940616.1292444
2024-12-27,26501.26429,2528567849.7794614,5718866.0,12945.51657,1235623739.0578184
2024-12-28,8385.8929,794651624.8349555,2732061.0,4203.59876,398416342.128167
2024-12-29,13576.00578,1278370863.9768472,2865838.0,5651.38589,532195414.1027413
2024-12-30,27619.4225,2573126059.769478,5560563.0,13092.19646,1220209278.2523272
2024-12-31,19612.03389,1845718801.922704,3347847.0,9687.96775,911716321.605402
2025-01-01,10373.32613,975444194.1379983,1516556.0,5347.73648,502914035.6405907
2025-01-02,21970.48948,2118411852.68128,3569079.0,10915.96986,1052226710.3336716
2025-01-03,15253.82936,1486610768.5907917,2851164.0,7468.60797,727787246.8965588
2025-01-04,8990.05651,881223751.6353602,1559982.0,4350.80221,426524714.1305539
2025-01-05,8095.63723,793931715.9546324,1685799.0,3877.90985,380355340.4686036
2025-01-06,25263.43375,2540561688.7771435,3853702.0,12539.59534,1260943259.466256
2025-01-07,32059.87537,3170421659.717236,4480562.0,14815.11453,1464336049.7055345
2025-01-08,33704.67894,3205849081.112962,5171208.0,15803.85091,1503791328.6993084
2025-01-09,34544.83685,3217669887.245398,6027161.0,15323.62663,1427812152.272761
2025-01-10,31482.86424,2962085343.283704,5531444.0,15617.43823,1469711545.6571271
2025-01-11,7047.9043,665685994.93301,1496191.0,3412.37671,322346977.4354553
2025-01-12,8606.86622,813278829.6583949,1658863.0,4028.33031,380691769.9184427
2025-01-13,42619.56423,3930666134.3474574,5740963.0,19473.88042,1797888178.849608
2025-01-14,27846.61753,2676048470.3569503,4532923.0,14248.69616,1369464111.693496
2025-01-15,30509.99179,3006242382.8867946,3487945.0,15494.17873,1527728226.3083327
2025-01-16,27832.85317,2765162040.639799,3762755.0,13513.53707,1342462621.6273284
2025-01-17,39171.85292,4040993985.475047,3886907.0,20673.213,2131223293.204846
2025-01-18,24307.82998,2521522119.379525,3403162.0,11607.51274,1204170928.374812
2025-01-19,43397.28298,4513423971.410253,5271920.0,21079.51082,2193270771.0019445
2025-01-20,89529.231732,9398787064.320717,11597937.0,44770.529492,4704453254.515383
2025-01-21,45941.02002,4768512258.156502,6842980.0,23227.02741,2411854258.5127187
2025-01-22,22248.69254,2331144640.658579,4364035.0,10501.59306,1100173331.9876585
2025-01-23,53953.12031,5610760848.131639,6961383.0,27045.92646,2813824950.571884
2025-01-24,23609.24017,2483818574.373748,4798886.0,11893.4605,1251601023.3484683
2025-01-25,9068.32377,949511531.3578016,1770765.0,4462.60438,467284996.3760966
2025-01-26,9812.51238,1024352365.4715524,1813011.0,4642.17247,484871090.3361497
2025-01-27,50758.1341,5092886322.829244,9368910.0,23529.22433,2361569760.8418937
2025-01-28,22022.05765,2253977324.036209,5428644.0,10756.64741,1101357650.2919877
2025-01-29,23155.35802,2380383694.772136,5189699.0,11675.17182,1200636637.8143668
2025-01-30,19374.07472,2038112603.5126407,3990075.0,10140.92834,1066933244.9920208
2025-01-31,21983.18193,2282174002.1952176,4331904.0,10697.39968,1111485874.1292844
2025-02-01,12290.95747,1250354228.2372296,2588786.0,5625.89331,572540016.1490111
2025-02-02,34619.49939,3412084312.583628,7202339.0,15587.16669,1536076091.303013
2025-02-03,75164.7385,7228589180.711621,10625262.0,36736.56946,3537845694.481266
2025-02-04,40267.98697,3989698644.26493,6618911.0,19091.58154,1891457194.359833
2025-02-05,26233.30444,2562342153.829685,4471763.0,11032.55174,1078316288.1425588
2025-02-06,23515.20405,2289071921.2175603,4242807.0,11261.53049,1096611639.376009
2025-02-07,31794.22065,3107592434.6738343,5012456.0,15249.3537,1491114588.559852
2025-02-08,10147.24294,977040267.5158632,1757892.0,4450.52682,428452764.9047411
2025-02-09,14120.91613,1359495152.3107977,2293192.0,6663.72875,641795598.1752762
2025-02-10,20572.87537,1999112052.6687863,3475919.0,9607.62329,933665618.5050192
2025-02-11,18647.76379,1806534846.38632,3716586.0,8594.50066,832320054.8763716
2025-02-12,29151.16625,2800142168.3943653,4992737.0,13820.70553,1328044257.0401337
2025-02-13,19921.77616,1916988246.3921187,3909456.0,8852.16215,851823567.0939347
2025-02-14,18173.02646,1768073218.8690157,3499564.0,9061.31682,881925349.6444213
2025-02-15,7349.37683,717245393.778092,1694327.0,3579.14202,349322778.2339769
2025-02-16,8191.4249,794694242.2949733,1596701.0,3719.73063,360842416.6644167
2025-02-17,16492.0451,1584593526.1754675,2831237.0,8010.41565,769979077.1361973
2025-02-18,23368.19471,2223994802.892005,4234248.0,11432.47367,1088319233.5219896
2025-02-19,16438.50954,1576817572.1032505,2784225.0,7173.61807,688586919.9759259
2025-02-20,17057.39177,1663386824.7315507,2386973.0,8356.42859,815056614.173827
2025-02-21,32249.2814,3143975917.5734644,4528525.0,15313.58184,1493403646.8483026
2025-02-22,11268.17708,1087077133.8226364,1506418.0,5293.28051,510722895.1675426
2025-02-23,10884.84913,1044392011.791024,1457368.0,4619.93267,443381984.4110255
2025-02-24,31550.10299,2981809595.445377,4972684.0,14438.63366,1366473567.874773
2025-02-25,78333.11111,6962982500.904474,10289145.0,35822.15275,3183981371.47505
2025-02-26,56893.54409,4898429925.6364765,8490006.0,28077.1845,2417690848.8189874
2025-02-27,42505.45439,3618738891.222162,6357581.0,20355.71969,1732725913.2817628
2025-02-28,83648.03969,6806705236.690679,11344216.0,40224.85287,3274291175.8103995
2025-03-01,25785.05464,2194003507.852643,3700728.0,11748.10769,1000093822.5383524
2025-03-02,54889.09045,4972549515.788669,7403218.0,29273.81031,2652973441.154539
2025-03-03,59171.10218,5321123743.471923,9797860.0,27915.4365,2513464571.356911
2025-03-04,55609.10706,4704901219.590436,10326631.0,27584.7159,2335087296.239287
2025-03-05,38264.01163,3400243670.3049755,8070266.0,19230.28436,1709708737.4698937
2025-03-06,34342.44902,3105145628.3994,7643526.0,17283.99411,1563426526.4289937
2025-03-07,57980.35713,5097554826.613157,9510442.0,28394.41537,2497922400.4504447
2025-03-08,12989.23054,1119358968.6520054,2553974.0,6491.56581,559581591.3470742
2025-03-09,26115.39345,2173552660.454479,5189138.0,12093.87232,1006299692.7104127
2025-03-10,47633.38405,3834924947.758186,8701538.0,22898.57072,1846606255.3521483
2025-03-11,48770.06853,3927000827.110792,6983310.0,24029.1677,1935950413.20182
2025-03-12,31933.986,2638600996.825396,5253577.0,15749.41702,1301890518.499408
2025-03-13,27546.27412,2260870111.2393894,4367093.0,13013.18135,1067945431.1219468
2025-03-14,26858.52755,2244729595.541172,3290987.0,14082.88688,1177807467.01818
2025-03-15,11324.7332,953445671.8337504,1329670.0,5195.29128,437551330.253166
2025-03-16,17596.12531,1468056556.296723,2767947.0,8505.95317,710037465.075748
2025-03-17,17214.74358,1437716814.0468738,3014756.0,8387.89111,700505421.7877294
2025-03-18,17610.89883,1450813055.479726,3126371.0,8047.23418,662808749.3427887
2025-03-19,28151.05374,2375813941.9437623,3774761.0,13804.24847,1166238970.2811463
2025-03-20,22090.30463,1885241921.155652,3252595.0,10163.59262,867440339.2962607
2025-03-21,11956.97443,1005135519.2560016,2360005.0,5466.41961,459501348.0817583
2025-03-22,5420.22114,456235443.8016522,864481.0,2284.19178,192291026.7874248
2025-03-23,8461.97813,718692319.1499038,1206533.0,4424.81013,376007261.5213597
2025-03-24,30115.62111,2636765917.951844,2916713.0,14379.95578,1258638667.112904
2025-03-25,22643.25248,1979571590.8982933,2802815.0,9440.56294,825308072.6337814
2025-03-26,18408.78485,1606406955.5864632,2380154.0,8590.97753,749604853.2968135
2025-03-27,17098.03897,1487968807.7079022,2376381.0,8185.05517,712324893.2889168
2025-03-28,27182.73169,2309946560.664114,3236085.0,11274.83736,958523321.8112732
2025-03-29,11696.39864,970199917.9868716,2172387.0,5621.60485,466215575.4849069
2025-03-30,9864.49508,816584795.5288126,1907663.0,4725.07105,391214080.1101161
2025-03-31,20569.13885,1696009191.0809648,3964358.0,9912.88184,817875871.1107413
2025-04-01,20190.39697,1698895702.5754683,3328693.0,10246.42648,862302772.4330863
2025-04-02,39931.457,3417279759.830764,5338238.0,20739.67809,1777735583.8407478
2025-04-03,27337.84135,2259299724.8643928,4117486.0,13951.52792,1153439398.6198013
2025-04-04,32915.53976,2739842666.426737,4992586.0,15896.18779,1323832046.264688
2025-04-05,9360.40468,779626577.9013436,1575750.0,4029.64658,335654613.7277184
2025-04-06,27942.71436,2239085051.1529646,3948493.0,12493.8449,1001459573.494466
2025-04-07,78387.53089,6084614024.150647,9736596.0,39075.84274,3034375055.6843963
2025-04-08,35317.32063,2775277777.102461,5512751.0,15704.73031,1235370767.1153502
2025-04-09,75488.28772,5980231256.222496,7741252.0,39491.62958,3137004042.959261
2025-04-10,33284.80718,2690294353.8478427,4529545.0,16339.9191,1321475356.0200849
2025-04-11,34435.43797,2830363945.1787524,4423157.0,18019.58367,1482515278.9177043
2025-04-12,18470.74437,1557403252.9267516,2501196.0,9526.72644,803747272.783468
2025-04-13,24680.04181,2086106375.439256,3275879.0,11658.67909,986303246.0931836
2025-04-14,28659.09348,2429132805.0815287,3921522.0,15196.58929,1288815999.1406174
2025-04-15,20910.99528,1780972414.3956008,2910533.0,10439.36072,889895753.1673651
2025-04-16,20867.24519,1753910031.2009242,3264730.0,10456.769,878939829.4848368
2025-04-17,13728.84772,1161659427.386263,2003405.0,6424.41565,543726754.4187016
2025-04-18,6529.96315,552648483.647487,840009.0,2911.78856,246467088.2621466
2025-04-19,9666.58153,823222752.2842493,875226.0,5416.30087,461342923.999082
2025-04-20,8091.67725,685253644.8918362,944130.0,3843.48314,325482835.7378329
2025-04-21,31773.37262,2773299591.467066,3041395.0,17216.39877,1502705225.134135
2025-04-22,43872.74705,3967785064.12817,3268475.0,22777.77047,2062639579.2030847
2025-04-23,27404.16808,2560279933.947952,3016536.0,13128.05774,1226992558.5765462
2025-04-24,19497.06071,1811120137.314679,2797383.0,8565.18128,795787487.3608981
2025-04-25,27500.66648,2596877713.640173,3331828.0,13072.22136,1234153095.7292683
2025-04-26,9415.06875,889627361.8414447,1475983.0,4156.22463,392757114.4383579
2025-04-27,11162.841,1052334792.1866188,1918160.0,5250.08719,495112239.1081697
2025-04-28,22157.53351,2092532996.555172,3424740.0,11626.77592,1098667305.239998
2025-04-29,16955.3402,1607154803.4675477,3020875.0,7112.68469,674688527.813066
2025-04-30,17661.2751,1664825670.9831252,3214149.0,8393.2162,791272380.0312448
2025-05-01,21380.45343,2053857614.2732675,2925716.0,10925.87308,1049157198.8587636
2025-05-02,14905.74811,1446387651.5840576,2698263.0,7440.33531,722022817.2246199
2025-05-03,9723.34838,935906144.9651498,1181239.0,3929.4049,378271292.4443145
2025-05-04,11036.38342,1053542403.8531588,1674726.0,4385.33486,418573470.8569623
2025-05-05,17251.18189,1626999380.1759968,2623300.0,8399.64855,792299650.3395202
2025-05-06,16122.64513,1526847764.5636685,2512960.0,7505.95734,711372483.6117135
2025-05-07,16644.83854,1611730124.5924542,2849139.0,8316.74471,805430612.4055355
2025-05-08,34962.02847,3508645830.5650144,4991147.0,18547.23009,1861334478.364427
2025-05-09,27617.39907,2847518447.981513,4406929.0,14525.20381,1497826622.326188
2025-05-10,15324.78611,1588386278.502415,2227845.0,8258.23478,856095289.5216646
2025-05-11,17987.12197,1873381777.2124248,3100176.0,9071.95578,944903285.107308
2025-05-12,31272.77792,3242348937.383069,5298407.0,16455.99797,1707457796.5881395
2025-05-13,21253.42409,2197244118.152367,3703531.0,10705.97845,1106609664.707795
2025-05-14,16452.9081,1704708279.3884108,3025221.0,8026.03333,831783471.654361
2025-05-15,17998.98604,1850183474.529204,4139477.0,8475.18036,871244345.564136
2025-05-16,15683.88024,1628832372.3241482,3237442.0,7555.15801,784850382.1942747
2025-05-17,11250.89622,1160418362.950618,2568597.0,5335.11525,550379728.7338501
2025-05-18,21599.98726,2262214972.0749383,3193300.0,11664.89904,1221914552.0552013
2025-05-19,30260.03524,3150324504.595452,4881371.0,14208.309,1480452895.0841565
2025-05-20,23705.48275,2509102444.669598,3878351.0,12350.46275,1307273652.3895233
2025-05-21,45531.040345,4914709514.320026,6835279.0,23661.649395,2555528481.098726
2025-05-22,31630.77313,3509432834.573417,5794216.0,16584.56293,1840083098.5827856
2025-05-23,31737.72309,3469704446.3904047,5251192.0,14309.31652,1565622441.187517
2025-05-24,16782.53129,1819958819.7748587,2805418.0,8786.90747,953683093.321657
2025-05-25,17710.04695,1904366455.425858,3151168.0,7867.16712,846688135.0097136
2025-05-26,14649.11593,1605578282.107903,2887863.0,7301.11288,800269021.1922797
2025-05-27,21276.65635,2327603851.119265,3735509.0,9969.89271,1090553624.461599
2025-05-28,15633.78829,1689136748.5130312,2933262.0,6877.27341,743282966.7207196
2025-05-29,19834.70116,2128639017.5081613,3774926.0,9457.49356,1015173771.5489898
2025-05-30,23706.49799,2493078549.591861,4307572.0,11070.98746,1164158558.6435854
2025-05-31,11289.35922,1174000801.507038,2343787.0,5278.95175,548980630.8493578
2025-06-01,9709.70006,1016188486.9505996,1939359.0,4640.3507,485683466.9347843
2025-06-02,13453.98813,1409004206.9863732,2997656.0,6494.65497,680177826.6144172
2025-06-03,13259.52634,1402493746.5993218,2470698.0,6260.22436,662160926.8241225
2025-06-04,14034.89482,1476928482.368878,2274464.0,6979.9491,734803757.4185838
2025-06-05,22321.50154,2301567892.5305448,3963295.0,10005.36019,1031668517.0427113
2025-06-06,15839.07385,1642382404.9355752,2709327.0,7655.60679,793575821.4357932
2025-06-07,8344.93206,877915380.9548231,1402494.0,3970.01912,417664199.1912712
2025-06-08,8048.06305,850887129.4282976,1295154.0,4361.42266,461098506.088324
2025-06-09,19975.37451,2154922022.221173,2839846.0,10623.88217,1146790065.5135615
2025-06-10,17071.82839,1867620550.192173,3003420.0,8009.29581,876411274.3969488
2025-06-11,13115.91638,1434884639.7506304,2667014.0,6030.96867,659947218.0033869
2025-06-12,17778.67218,1908309274.0868344,3517420.0,8291.22648,890420511.4704415
2025-06-13,26180.81734,2735461890.6929703,5452577.0,12793.70705,1337300355.9952192
2025-06-14,8798.93969,925568614.1784064,1521776.0,3848.55498,405001275.9262716
2025-06-15,7164.20047,754596887.8748004,1564768.0,3356.46912,353608577.6853774
2025-06-16,14922.6654,1599849840.7325244,2928998.0,7442.34921,797865030.1366178
2025-06-17,17866.33025,1883173484.8991,3723010.0,8082.6529,852365443.211356
2025-06-18,13968.64167,1461383024.362209,3468170.0,6656.31474,696386846.6904296
2025-06-19,7678.60737,803402575.962045,1718045.0,3583.19736,374871407.4107334
2025-06-20,16419.06283,1714411911.0114017,3029404.0,7113.97039,743649283.0800211
2025-06-21,11154.21332,1144829784.7306418,2172578.0,4632.93703,475270667.4226762
2025-06-22,28746.41072,2892695407.808688,5121309.0,13142.02965,1322387353.31664
2025-06-23,27666.50609,2836166831.044449,4944207.0,13408.20163,1375654853.258466
2025-06-24,14651.69335,1543451113.4563613,2973481.0,6848.32158,721631005.2893264
2025-06-25,16701.15551,1789545470.94629,2988892.0,8576.13709,919352853.806412
2025-06-26,10573.27279,1136093974.6816013,2597742.0,4983.08998,535471528.1944927
2025-06-27,12232.44042,1308420348.9100094,2304499.0,4862.2801,520251258.3787664
2025-06-28,3282.17352,352025390.6031135,653305.0,1514.41959,162441164.0132396
2025-06-29,6831.7364,736708189.9495684,1223202.0,3771.10895,406653127.0920804
2025-06-30,9754.12491,1050407152.345058,1773485.0,4331.3813,466474537.7882122
2025-07-01,10505.62437,1117432945.8926363,2013289.0,4648.91727,494549276.1837785
2025-07-02,17691.89592,1915699005.8772893,2444708.0,9248.43029,1002261738.2088752
2025-07-03,13047.08225,1429459048.6383262,2568944.0,6961.89686,763022147.911677
2025-07-04,11793.86615,1276215111.6683652,1975212.0,4787.79822,518313226.966756
2025-07-05,3736.9757,403928702.1967476,710020.0,1803.68528,194976807.3633011
2025-07-06,6447.607,700733299.5112199,1256591.0,3209.35902,348780644.233174
2025-07-07,9405.37601,1020848316.053704,1961940.0,3920.92229,425664101.8022387
2025-07-08,9216.0208,1000112813.4398944,1723244.0,4371.98866,474674358.9974899
2025-07-09,17282.2865,1902054744.194924,2328484.0,8935.70327,983405508.7482138
2025-07-10,24883.450665,2826460280.445224,3227017.0,12900.135467,1465777460.9410756
2025-07-11,25873.521148,3039521803.027247,3708194.0,12502.931168,1468374333.9502122
2025-07-12,8446.60437,993093353.4068904,1441851.0,3784.55219,444996040.9059787
2025-07-13,9550.792947,1132096857.0116916,1650283.0,4766.474307,565024389.3723919
2025-07-14,27269.348877,3299746181.0770736,4076133.0,14099.580747,1705505292.664724
2025-07-15,32018.46083,3755258445.553272,3805374.0,15667.30508,1837578524.9238648
2025-07-16,17039.90851,2023850383.723488,2429625.0,8355.96881,992430971.3675904
2025-07-17,15728.57651,1869114355.1231644,2347985.0,7696.17927,914659207.5744278
2025-07-18,19924.66266,2367355518.470308,2805236.0,8951.37863,1063782057.4785626
2025-07-19,6635.80306,783327898.4969696,1133382.0,2978.3832,351626384.0502903
2025-07-20,12962.92889,1528864683.816082,1615935.0,6581.33371,776457462.9818254
2025-07-21,17107.33128,2020783266.9633648,2509543.0,8426.31812,995117241.6679094
2025-07-22,20959.12973,2481252763.651911,2778733.0,10811.45507,1280627214.6285224
2025-07-23,14558.75083,1722126986.886661,2101404.0,7070.08701,836266328.7446831
2025-07-24,15806.89043,1873181653.2018075,2081435.0,7651.73992,906619084.6035932
2025-07-25,38406.34873,4456778786.620494,3282355.0,17042.77355,1977873720.8964725
2025-07-26,6991.67206,823629079.7493103,790372.0,3167.88355,373290310.2164352
2025-07-27,9328.30919,1107883542.1607983,1095080.0,5238.30358,622261561.2507277
2025-07-28,13961.74754,1655882235.896518,1824777.0,7224.91774,857128354.2234088
2025-07-29,15137.93445,1788682083.6856463,1956694.0,7988.93736,944162800.0745872
2025-07-30,15586.73631,1832696878.222986,1997369.0,7803.61434,917632890.2336526
2025-07-31,17010.0073,2002870016.7022424,1859532.0,8313.51616,979519362.0685424
2025-08-01,24487.10206,2810268577.15137,4160829.0,11487.2212,1318593418.0612547
2025-08-02,11507.33428,1301882737.326722,2165714.0,5060.00835,572586383.0717313
2025-08-03,7397.76046,841090034.1542541,1419281.0,3738.18331,425246221.2955304
2025-08-04,9667.67916,1109938874.0629709,1954230.0,4715.29351,541443274.8093747
2025-08-05,12042.79078,1371861747.1466167,2581052.0,5622.66754,640570774.1010684
2025-08-06,9761.15318,1118028732.8589184,2026500.0,4872.24748,558193207.677072
2025-08-07,13468.56263,1564454297.836927,2314671.0,7008.73753,814088870.444632
2025-08-08,10045.31278,1172199778.7242546,2095304.0,4584.90574,534970598.4687502
2025-08-09,9514.13144,1111837601.7023723,1390951.0,4869.85416,569228301.1169946
2025-08-10,14322.77073,1694198747.8718708,2317065.0,8023.43513,949082473.721322
2025-08-11,26494.33429,3194611530.541069,4021743.0,13243.42946,1596640461.643077
2025-08-12,16720.10893,1992762473.5852573,2737841.0,9265.05962,1104367998.1961715
2025-08-13,23210.07102,2811581348.3874574,3712817.0,11931.26825,1446045988.0483146
2025-08-14,27980.947586,3359128391.108524,4350449.0,13402.078476,1608719584.8697336
2025-08-15,13623.33874,1607609329.685101,2895016.0,6141.41708,724799635.8172467
2025-08-16,6393.68117,751719391.7723638,1179842.0,2995.22865,352158781.0964551
2025-08-17,5898.64192,695629197.9038073,1177563.0,2804.73113,330799448.0903654
2025-08-18,17745.93954,2053814085.4717767,3346280.0,7647.70667,885108979.4887486
2025-08-19,18065.47424,2065010895.8584664,3291182.0,8609.4137,984093545.594422
2025-08-20,15636.34194,1776149566.1247735,2998370.0,7209.58575,819330970.2158619
2025-08-21,10839.69235,1227373788.615563,2357380.0,5346.48007,605400341.4544928
2025-08-22,23128.09037,2656625122.2777867,3438518.0,11843.59711,1359907711.8726692
2025-08-23,11329.36197,1308825428.0143583,1559569.0,5083.35014,587273893.1314433
2025-08-24,21175.98462,2411284606.189177,2573906.0,9325.0671,1061855201.3343124
2025-08-25,25182.79379,2805570653.631023,4695718.0,11387.5817,1269662985.34418
2025-08-26,18452.43877,2033437347.4999392,4077474.0,9863.43157,1087468493.596964
2025-08-27,13392.60875,1493774927.190832,3111496.0,6261.8455,698586344.1774796
2025-08-28,11104.27744,1250788481.9453218,2066780.0,5139.46509,578866003.6838148
2025-08-29,22580.31045,2475492492.57753,3606959.0,10616.35644,1164321513.1044571
2025-08-30,10708.39159,1160666772.7387524,1411040.0,5797.17783,628457794.843401
2025-08-31,9489.51596,1031806894.3513318,1366633.0,4573.61058,497406888.1691883
2025-09-01,16053.60219,1742516638.781135,2729384.0,7532.99101,817730948.9844334
2025-09-02,18510.28756,2042681451.9016385,2596328.0,9088.71727,1003032805.5367996
2025-09-03,11773.72084,1313762617.3436644,2214249.0,5539.29462,618293676.5075179
2025-09-04,12203.13536,1349031325.5320847,2230255.0,6070.78151,670681185.82571
2025-09-05,21587.40888,2413132200.623325,2970419.0,10787.81127,1206066261.227201
2025-09-06,5000.29897,552785936.5434699,795201.0,2308.83297,255237426.946011
2025-09-07,5681.29944,630447950.1588689,874961.0,2570.85199,285303923.5404623
2025-09-08,11582.40211,1295903862.4649603,1744598.0,5531.65969,618773275.3576307
2025-09-09,15379.28248,1721465997.906366,2143242.0,7597.38038,849973176.1775684
2025-09-10,17517.41823,1978834750.2223115,2182534.0,8274.63998,934646697.4823323
2025-09-11,13676.73119,1562241144.956541,2166359.0,6744.29993,770595422.6905214
2025-09-12,15324.10719,1772122269.5018637,2481491.0,7995.57276,924775389.8569396
2025-09-13,8269.40394,957724220.6497612,1223635.0,3590.09359,415773029.4393527
2025-09-14,6707.60197,775762364.9685991,1237218.0,3406.90777,393977059.3035421
2025-09-15,13212.51149,1522648235.2235153,2857989.0,6621.3636,763138585.6850249
2025-09-16,10926.9094,1265779287.5169268,2047058.0,5292.18365,613182568.9919184
2025-09-17,16754.2454,1946083704.6217456,3227418.0,7975.0019,926282110.833079
2025-09-18,11657.23365,1367513347.486509,2252654.0,5717.34538,670700552.9347277
2025-09-19,8992.09065,1045792401.4532388,1732471.0,4020.81483,467345983.0786799
2025-09-20,4674.92752,541264273.2416894,740451.0,2276.16483,263511469.8432588
2025-09-21,4511.52219,521299751.1504096,945965.0,2016.72489,233031538.7469931
2025-09-22,20781.71356,2348872511.698875,3045876.0,9312.35777,1052684266.8981876
2025-09-23,12301.3203,1383869800.273703,2455729.0,5543.3609,623665658.7200328
2025-09-24,12369.25967,1394470628.502582,2229837.0,6100.69487,687826281.220477
2025-09-25,21231.14957,2356639689.925215,4409953.0,9511.07937,1055527535.7684448
2025-09-26,14243.01591,1557098915.9392595,3257155.0,6978.29033,762955442.7524
2025-09-27,5501.78643,601947588.9970765,919594.0,2523.25886,276080500.9941954
2025-09-28,7542.3316,832254944.3203353,1484866.0,3781.87606,417495757.16935
2025-09-29,15541.12005,1755247635.871136,2442653.0,7836.68768,884934987.568753
2025-09-30,15044.15633,1710713267.1300955,3018331.0,7185.72154,817044461.2701815
2025-10-01,20036.39516,2332096981.265933,3430343.0,10071.04092,1172422657.4065175
2025-10-02,19670.83503,2349861127.3445807,3472073.0,9753.07848,1164986423.9898076
2025-10-03,23936.328,2907381076.6813188,4246820.0,11288.62355,1372792607.6136217
2025-10-04,8208.16678,1002272903.3446472,1703590.0,3767.80335,460154433.1236619
2025-10-05,22043.097553,2730817470.939564,3690670.0,11780.672403,1459478400.9109962
2025-10-06,19494.628793,2428828952.2653184,4206167.0,9963.008153,1241625129.7177184
2025-10-07,21633.99385,2657405799.8705487,4390785.0,9699.35099,1191947741.6989057
2025-10-08,17012.618,2084842842.441617,4184997.0,9039.06222,1107976264.6948595
2025-10-09,21559.36007,2621438087.566733,4231167.0,10144.15364,1233882833.5642388
2025-10-10,64171.93927,7349750905.041158,11404522.0,30502.14297,3493298452.846008
2025-10-11,35448.51652,3961069473.231136,6661929.0,15375.94796,1718429599.5669522
2025-10-12,32255.30272,3638546528.740156,6048575.0,16915.44533,1907676479.1772509
2025-10-13,22557.24033,2591831660.985749,5739352.0,10710.89723,1230950583.8424666
2025-10-14,31870.32974,3578140778.808499,7425642.0,14944.19197,1677011392.6343808
2025-10-15,22986.48811,2569639641.3527684,5243141.0,10499.31831,1173678794.920774
2025-10-16,29857.17252,3277596494.7619195,6127094.0,13126.95119,1441416875.126377
2025-10-17,37920.66838,4022645635.221202,7570685.0,17996.99946,1909654487.4562209
2025-10-18,11123.18766,1189002999.143113,2105450.0,4845.85641,518065716.6618129
2025-10-19,15480.66423,1670074079.5802343,3205640.0,7100.31013,766423535.8177378
2025-10-20,19193.4416,2119912185.593468,4283542.0,9280.50075,1024925788.7216992
2025-10-21,37228.01659,4114477849.932054,6004063.0,17034.07155,1881327751.3346128
2025-10-22,28610.78451,3090291706.4439816,5547903.0,13766.58861,1487179903.5999787
2025-10-23,17573.09294,1924582289.411394,3721614.0,8575.33716,938905317.7034107
2025-10-24,15005.16913,1662806764.9533324,3241022.0,7511.2434,832390454.8076226
2025-10-25,6407.96864,714201332.9751225,1238199.0,3087.0866,344113931.7999452
2025-10-26,13454.47737,1525108635.874829,2463951.0,6982.18154,791462349.3516057
2025-10-27,21450.23241,2470872744.5489683,3660488.0,10969.70182,1263753536.9973898
2025-10-28,15523.42257,1772753529.8642745,3829845.0,7765.31574,887031686.0163724
2025-10-29,21079.71376,2356715986.533545,4481480.0,10407.07233,1163985607.3569086
2025-10-30,25988.82838,2827221287.4227977,6373451.0,12551.13144,1365671836.7455924
2025-10-31,21518.20439,2361590437.9414105,5256872.0,10798.53938,1185034290.9237795
2025-11-01,7378.50431,812389216.4346797,1994214.0,3406.68401,375126956.0809722
2025-11-02,12107.00087,1336870531.1415012,2652188.0,5921.86453,654016950.2549777
2025-11-03,28681.18779,3076006652.0015674,7074546.0,12847.08574,1377869106.6681776
2025-11-04,50534.87376,5197697635.212413,9099609.0,23388.99033,2406186713.17053
2025-11-05,33778.77571,3454273922.700385,6500368.0,18126.84828,1854232277.0330112
2025-11-06,25814.62139,2641767846.305827,5755001.0,11972.54796,1225474173.0204284
2025-11-07,32059.50942,3251112979.305884,6335759.0,16056.80582,1629564159.11658
2025-11-08,12390.77985,1267165565.37527,2743819.0,5862.65977,599611355.3671467
2025-11-09,16338.97096,1687020822.3668208,3404204.0,8224.94939,849620657.0869097
2025-11-10,22682.25673,2400141664.389342,4710957.0,11595.81944,1226965888.74677
2025-11-11,24196.50718,2532279071.0069213,5532149.0,10717.03395,1121890584.1997764
2025-11-12,20457.63906,2108514405.260877,5314132.0,10155.72095,1047214063.138287
2025-11-13,36198.50771,3654698026.540381,8125404.0,17250.22426,1742449117.5763607
2025-11-14,47288.14481,4566085156.747207,9551025.0,21184.91518,2045542286.863484
2025-11-15,15110.89391,1449074019.0674856,4263558.0,7115.78198,682358960.7540421
2025-11-16,23889.4051,2261295524.8173394,5141394.0,10828.62752,1025540141.3111866
2025-11-17,39218.59806,3674562070.238606,8134322.0,18690.19245,1750979467.7862606
2025-11-18,39835.14769,3641033186.3004575,8786593.0,20130.95957,1841176605.1418235
2025-11-19,32286.6376,2925773651.255958,6822174.0,15060.08451,1365200809.1745572
2025-11-20,39733.19073,3548950335.0984216,7841395.0,18283.84047,1634256490.957432
2025-11-21,72256.12679,6061348756.341564,11826480.0,34071.85828,2859133223.2240524
2025-11-22,14193.93263,1197657354.9690385,4697593.0,6688.79428,564562148.9373932
2025-11-23,19734.46418,1708685030.2798696,5063493.0,10406.51703,901210513.5204473
2025-11-24,24663.12795,2150393686.920318,6189156.0,12438.87518,1085485389.0234168
2025-11-25,19567.0411,1708989000.038937,4838747.0,9423.17985,823123525.1402559
2025-11-26,21675.82239,1916851896.6699688,4668280.0,10883.61063,962765375.8163832
2025-11-27,16833.50932,1535778106.5787077,3920172.0,8898.35835,812005498.7594875
2025-11-28,18830.86012,1721418035.0795596,4229754.0,8961.64712,820315728.918691
2025-11-29,7429.88291,673725652.9787655,1677860.0,3359.04932,304614219.1452583
2025-11-30,9687.74175,884051773.1655338,2154030.0,5002.96698,456606490.1203246
2025-12-01,34509.01227,2977024047.2231607,7709685.0,15524.33346,1338718794.0013125
2025-12-02,28210.22732,2519515177.662365,6397299.0,13512.33949,1206199898.294151
2025-12-03,25712.52585,2386223626.86139,6733182.0,12993.19312,1206219500.4577343
2025-12-04,19803.94059,1836645629.33462,5856049.0,8312.69539,770992235.207992
2025-12-05,19792.97218,1788436983.8106546,5520352.0,8722.13995,787809723.7213238
2025-12-06,8409.50016,753420679.8063259,2482221.0,4041.72834,362232786.2695714
2025-12-07,13021.11185,1167866486.8455212,3953071.0,6370.56683,571547237.856767
2025-12-08,15793.63887,1436920018.893613,5458731.0,7296.74328,663654575.4521835
2025-12-09,21240.43014,1956261065.6071727,5940223.0,10517.75959,969426006.1222628
2025-12-10,18998.68083,1758773276.2478049,6025707.0,9197.33116,852012295.3967115
2025-12-11,19972.58758,1814322119.0658488,6250438.0,9150.89797,831529923.8088819
2025-12-12,16679.19169,1521683425.5648005,4956719.0,7986.68273,728724357.3886563
2025-12-13,5895.70788,532250544.5904015,1363754.0,2237.9847,202065519.4961406
2025-12-14,9416.94004,839079130.8378651,3115749.0,4005.70835,356905157.3266693
2025-12-15,19778.6919,1732823429.5017288,6747167.0,9592.41076,840349649.3250623
2025-12-16,18456.05017,1604673428.6527836,6099692.0,9065.97746,788731082.46646
2025-12-17,19834.11729,1733348496.6703594,6058638.0,9277.27838,810618013.2566438
2025-12-18,25405.41763,2204223872.6696463,6946947.0,12668.53838,1098646854.9700365
2025-12-19,21256.65004,1863236625.932864,6482253.0,10880.14451,953886285.3647416
2025-12-20,5123.13194,451919022.7277595,1174426.0,2456.37063,216687645.3292005
2025-12-21,7132.87258,629720971.7866651,2030666.0,3450.39397,304712061.7980245
2025-12-22,14673.2197,1310235631.747926,4847747.0,7269.61435,649186791.7715422
2025-12-23,13910.32904,1219899607.2677548,4465080.0,6381.76747,559905195.8871304
2025-12-24,9140.8432,797460526.4738462,2877239.0,4543.27331,396385690.4046026
2025-12-25,7096.58235,622970453.6497647,1992172.0,3390.95708,297591128.7233041
2025-12-26,18344.61505,1616722115.636646,4509482.0,8846.80613,780464877.7249064
2025-12-27,4469.55156,391274205.274436,957536.0,2065.72405,180860481.2392424
2025-12-28,4446.29285,390327299.1502763,1241426.0,2230.75216,195842128.1874143
2025-12-29,19894.98575,1762011993.0377953,4793589.0,10079.10102,892298235.375502
2025-12-30,13105.91001,1155016404.4786754,3542176.0,6561.56089,578303387.4025434
2025-12-31,11558.62047,1019746835.2795268,2897396.0,5432.03408,479104976.9645489
2026-01-01,6279.57133,552991635.2911001,1449281.0,3123.64536,275090077.2883817
2026-01-02,17396.97301,1558958860.8870876,5010211.0,8929.35447,800380273.9640186
2026-01-03,7057.46716,635514773.6093655,1684214.0,3791.72083,341479553.3015828
2026-01-04,10426.5297,952160980.5212084,2207037.0,5320.99389,485918671.5920199
2026-01-05,20673.59584,1927455243.548076,5485489.0,10892.9695,1015858751.9317029
2026-01-06,18546.41829,1728045542.298375,5018686.0,8108.82157,755998193.3969632
2026-01-07,14276.49025,1311906952.9749737,4340252.0,6714.86954,616889466.1481977
2026-01-08,16132.79117,1460622501.2073882,4923472.0,8192.07574,741768676.9751914
2026-01-09,15590.27939,1416907180.1870482,4155703.0,8512.4327,773999739.2375336
2026-01-10,3104.11722,281321375.4802981,766357.0,1551.97383,140664759.4095869
2026-01-11,5477.13594,497245863.9319499,1282029.0,2868.36168,260447706.8088716
2026-01-12,16188.08268,1479964862.2693064,4099509.0,8092.5428,740004800.1807222
2026-01-13,23021.51482,2149770801.117704,5025071.0,12405.23056,1159067162.248983
2026-01-14,22851.89428,2201535821.648615,5346212.0,11974.98829,1154415462.597303
2026-01-15,21725.81369,2093008182.8437333,4493095.0,10841.32767,1045103063.1114848
2026-01-16,11167.7146,1064019408.0772514,2971559.0,5055.06952,481723178.0814679
2026-01-17,4280.80137,408161941.6719079,1020527.0,2059.85283,196399075.9709701
2026-01-18,6895.17819,654773743.2677118,1488785.0,3107.35604,295217762.8212793
2026-01-19,14295.52747,1326770336.049047,3359066.0,6906.84245,640981004.8958122
2026-01-20,22007.3261,1989676668.5941784,6064031.0,9629.19624,870936424.1390942
2026-01-21,20617.50372,1837708115.3597035,6419053.0,10265.21302,915531751.0822006
2026-01-22,10825.50492,969910623.3559886,3743412.0,5529.54766,495598490.5227897
2026-01-23,13918.48919,1248772265.678843,4619907.0,6911.17668,620204414.132354
2026-01-24,4226.56737,378464146.0918812,959854.0,1835.96939,164401193.4396937
2026-01-25,14426.22019,1264233689.841581,3720178.0,6269.27657,549304584.5673954
2026-01-26,17766.51453,1560135758.989215,4798083.0,9428.94206,827914390.6949898
2026-01-27,13125.40425,1160026853.5895033,3787336.0,6722.86937,594388596.0572797
2026-01-28,14332.18502,1283919840.851472,4385791.0,7015.44336,628761031.3151364
2026-01-29,30431.38201,2610381587.910004,5598749.0,12385.58906,1062920384.0760188
2026-01-30,35195.84793,2918624066.481832,8998829.0,16749.59784,1389486785.106681
2026-01-31,39491.89133,3155264093.623044,7384976.0,17959.61358,1435120245.9826963
2026-02-01,25395.48168,1974920557.0473864,8001906.0,12031.74392,936095742.7402172
2026-02-02,42273.59016,3260752444.461329,10085578.0,21480.45115,1658977441.2234404
2026-02-03,39120.10889,2986903008.574792,9199445.0,17304.88253,1324119396.4360397
2026-02-04,38375.36,2852834631.5391464,10724002.0,17274.35569,1284664768.8290725
2026-02-05,106298.82899,7198745594.280694,15364010.0,49042.65006,3325749503.0332394
2026-02-06,92539.21531,6134056670.6115055,13228528.0,49477.51198,3288426149.2806883
2026-02-07,44255.48036,3058983879.0691524,7167427.0,18766.22233,1298989823.429441
2026-02-08,21420.53168,1510003758.652842,4870449.0,11435.75238,805898867.2818197
2026-02-09,29152.72842,2038959539.4209776,6644769.0,13854.63486,969001616.6829728
2026-02-10,20373.77072,1408623623.3599253,4558658.0,9237.21056,638739950.2535255
2026-02-11,28718.24602,1930513947.5441144,6956577.0,14335.50997,963903748.2694871
2026-02-12,24271.74283,1622162145.3342066,6778280.0,12101.72511,809418852.0733618
2026-02-13,20244.54955,1371286022.3300548,6450842.0,10425.24887,706766540.6168541
2026-02-14,18114.78393,1260259314.3600264,3803163.0,7857.93423,546756073.2649412
2026-02-15,22290.05208,1545094572.1368146,4598633.0,8861.59262,615733099.1208996
2026-02-16,15515.76534,1062797918.2535973,5233849.0,8153.4314,558909191.7674918
2026-02-17,16489.06921,1117987651.294812,5994853.0,7538.45107,511426190.8932403
2026-02-18,15492.43839,1040493524.6521236,4548997.0,7895.05707,530458178.1385649
2026-02-19,14542.26988,968863572.7821528,4679351.0,7106.70741,473456223.0721071
2026-02-20,35351.87091,2378079150.567848,5044912.0,15001.46034,1010970043.1452411
2026-02-21,8032.84131,547592078.8471988,1593539.0,4003.46206,272919692.67728
2026-02-22,8175.13484,553613335.5774136,2160900.0,3974.29287,269081093.6109383
2026-02-23,33075.90923,2158158656.1215167,8268695.0,16388.63858,1069328860.0589623
2026-02-24,23102.83622,1469512159.7199352,7553629.0,11150.61026,709235431.9176984
2026-02-25,30749.99259,2064089702.844435,7096715.0,16382.91985,1098904977.008272
2026-02-26,20737.77792,1404774665.564561,5426137.0,10172.50047,689304052.453067
2026-02-27,21228.58424,1412033823.5619729,3856064.0,10107.20917,671986242.524662
2026-02-28,22548.71649,1462864408.2615664,5268514.0,11531.10802,748190390.4323822
2026-03-01,23201.85859,1545783742.9062002,5312013.0,11209.77201,747161922.8484616
2026-03-02,32010.38431,2164578841.845917,8397526.0,15335.91369,1037871544.5481504
2026-03-03,24972.2418,1691848669.9430182,7648119.0,12331.622,835461016.0946944
2026-03-04,44919.0761,3202864447.6324606,8618302.0,23641.35243,1685099057.930178
2026-03-05,26590.51253,1917514690.387834,6709160.0,12299.51467,886773462.4727771
2026-03-06,22629.88722,1574601198.874888,5302899.0,10464.09351,728091757.7822127
2026-03-07,12719.54315,861729861.8530488,2067476.0,5910.76849,400477518.3566913
2026-03-08,21593.63901,1447522160.3154545,3028392.0,11268.64926,755732359.1696719
2026-03-09,28896.7213,1967622051.44968,5093667.0,14101.45378,960195772.9159064
2026-03-10,32602.57726,2292525621.4405203,5176064.0,16453.82839,1157238967.1004455
2026-03-11,27249.27542,1911300596.234168,4759855.0,14015.31615,982971805.5997224
2026-03-12,21997.1605,1540745224.510106,4344059.0,10545.03396,738758111.8989177
2026-03-13,35996.61678,2591768526.296147,5312490.0,18310.3426,1319530652.9586313
2026-03-14,13017.24737,921308630.9462768,1661739.0,6242.10104,441895405.3585625
2026-03-15,14037.30704,1007334955.2436514,2509013.0,7307.01776,524440519.7627765
2026-03-16,28409.53019,2095859511.564864,5396482.0,15204.22255,1122045159.1994789
2026-03-17,24521.26636,1825976731.3326733,4863187.0,11791.2523,878396858.780886
2026-03-18,23392.88093,1692949838.9777424,4733897.0,11709.17057,847905482.6972562
2026-03-19,22364.81819,1566573949.8604124,4972526.0,10489.13676,734634623.2873883
2026-03-20,18121.16745,1273812840.6886704,4369971.0,8801.41211,618781938.2268149
2026-03-21,13397.1675,942693882.026424,1640086.0,6379.69313,449156360.9341547
2026-03-22,14843.78682,1018926475.3196974,3269152.0,7292.32333,500700088.2518349
2026-03-23,28335.09119,1980755169.231694,6509730.0,14640.9723,1022970775.4557816
2026-03-24,20702.42244,1455361229.2099645,4191328.0,9731.85043,684254039.2949127
2026-03-25,17719.50066,1261017988.5394323,3298902.0,8819.77787,627874982.8921663
2026-03-26,20820.45768,1447699734.339839,3597702.0,10116.39467,703650001.5901196
2026-03-27,28603.69557,1917318222.709913,4159306.0,14568.62853,976680026.265681
2026-03-28,11462.39847,762676255.4470605,1687368.0,5753.04124,382921412.2238488
2026-03-29,10052.85584,667003517.605987,2146177.0,4769.42832,316674097.3501869
2026-03-30,18353.38975,1234617690.8920753,3902849.0,9155.91893,615747978.851381
2026-03-31,22105.40662,1490168487.4548745,4846820.0,10726.18262,723378692.7667619
2026-04-01,19020.1899,1301708227.0745244,3741910.0,9702.49844,664126033.9269131
2026-04-02,20203.47916,1349223461.5270572,4189133.0,10090.6562,673815463.8757505
2026-04-03,11429.13131,763535606.9777881,2023104.0,5535.26988,369859409.3227177
2026-04-04,7373.51613,494932017.4232442,1356179.0,3701.32932,248489879.9959024
2026-04-05,11733.46752,791661977.3234503,2106257.0,5791.55692,391091472.1386122
2026-04-06,20281.61044,1408020173.0961628,4695523.0,10149.79257,704797801.6383992
2026-04-07,23750.49661,1649637855.842697,4871706.0,12465.18271,866730089.2310435
2026-04-08,19802.68627,1418484188.0521238,3843988.0,9570.20189,685666276.8388308
2026-04-09,18158.42159,1300323816.009336,3773025.0,9604.31771,687990251.043167
2026-04-10,17372.63288,1259195636.055663,3176308.0,8819.74841,639705902.5013963
2026-04-11,9070.94374,662437113.7096702,1472041.0,4673.47605,341269009.9930418
2026-04-12,13472.46801,962825891.8165911,2068779.0,6326.31289,451853887.8110209
2026-04-13,24230.21625,1753370318.184166,3673539.0,12639.79905,914783773.8511786
2026-04-14,26532.94456,1982728989.60722,4033448.0,13313.88956,995694440.9989892
2026-04-15,14425.04167,1071448612.537022,3187792.0,7014.01981,521112265.1711658
2026-04-16,17088.68777,1274894123.7496114,3581890.0,8601.69794,641950287.248219
2026-04-17,25941.36694,1987343208.84067,4931167.0,14435.4773,1106587361.0045395
2026-04-18,9141.84456,698008567.9340073,1941112.0,4333.78362,330918112.5519663
2026-04-19,11369.82232,854915370.4407915,2739751.0,5458.61875,410654487.0526324
2026-04-20,16993.41034,1280503914.3710752,3563591.0,8812.70109,664069175.9657189
2026-04-21,14912.57132,1132118272.558311,3616213.0,7672.96288,582659654.9138548
2026-04-22,19737.51225,1543732085.5463338,3757077.0,10376.12434,811313167.070367
2026-04-23,16970.79501,1321349698.354246,3571796.0,7760.75572,604322134.3078095
2026-04-24,12675.14315,986932564.6001964,2581973.0,6148.06393,478778657.353311
2026-04-25,5685.1142,440684004.3451535,806542.0,2999.85355,232567740.8198693
2026-04-26,7963.56162,621991973.4848,1476971.0,3981.86566,311149594.6071661
2026-04-27,16046.92418,1247833550.0841925,2982889.0,7712.53219,600122422.5927734
2026-04-28,13210.72383,1010412673.5550212,2352446.0,6518.95469,498681416.1989518
2026-04-29,18279.93022,1399735858.345528,3032890.0,9680.02112,741279741.5187618
2026-04-30,10381.81607,790584591.689154,2569480.0,5585.19124,425311383.2018324
2026-05-01,17315.46502,1347837835.9195642,2388458.0,8322.98012,647849577.8083475
2026-05-02,6150.87642,482238389.4494098,936143.0,3297.03958,258534491.673966
2026-05-03,7425.7929,584294330.4516286,1352474.0,3464.91412,272683292.169375
2026-05-04,26042.96135,2074174850.511439,3734604.0,13351.64548,1063054861.8782552
2026-05-05,16947.17995,1374319029.230936,2490930.0,8628.14977,699849788.9064542
2026-05-06,18798.77396,1535650624.7612484,2794707.0,9976.68805,815009074.2302135
2026-05-07,16154.80338,1300766382.1023338,2540329.0,7625.14879,614218758.7473308
2026-05-08,16001.31009,1278566045.4172618,2265372.0,8328.38654,665600036.192464
2026-05-09,7548.42177,607596225.9864202,1002373.0,4032.72566,324554540.3255052
2026-05-10,12034.31882,977223714.2634743,1801608.0,6395.8966,519505191.5151365
2026-05-11,12951.76056,1053193670.8757555,2576396.0,6132.37349,498860919.4964037
2026-05-12,12386.25676,1000180167.440677,2345137.0,5716.20385,461739840.0868008
2026-05-13,14810.05643,1184929842.8688235,2350570.0,7161.64182,573129996.834195
2026-05-14,19727.86807,1590656475.018797,3101046.0,10750.20775,867205459.8346943
2026-05-15,17351.27079,1387152674.368868,3184114.0,8333.17845,666666033.915996
2026-05-16,12132.86192,949890656.658851,1597661.0,5776.31138,452258189.4353481
2026-05-17,8442.7022,658061481.644852,1570433.0,3897.8677,303858886.908721
2026-05-18,18745.51678,1439862031.891971,3529328.0,8916.45791,684998988.3253162
2026-05-19,11024.85978,846904378.3078035,2315121.0,5680.77448,436435106.0620676
2026-05-20,11296.26307,873091271.4716351,2437754.0,5606.16242,433402000.2313096
2026-05-21,11318.25841,878168697.2277492,2473146.0,5765.00854,447290745.1412532
2026-05-22,11272.36134,866200460.9104595,2370783.0,5204.99076,400374654.6094489
2026-05-23,15086.88814,1138996605.773816,2103536.0,7738.58719,584406871.6902983
2026-05-24,8398.00156,644925517.611316,1612969.0,4513.13276,346628082.2881941
2026-05-25,7672.32197,593868004.9975973,1778509.0,3644.38154,282126295.7074095
2026-05-26,16953.47629,1299609317.6975918,3360745.0,7867.0405,603376144.8767151
2026-05-27,16877.77483,1270680262.9088242,3367068.0,7990.81792,601880855.3520991
2026-05-28,21274.02026,1560808525.5072746,3799713.0,11285.37807,828070542.0512332
2026-05-29,18686.74141,1376106492.906427,2897318.0,10668.37212,786121889.890037
2026-05-30,7515.40909,553989386.1115206,1124406.0,4118.11087,303592073.2673063
2026-05-31,6986.45707,515907532.5891972,1363437.0,3407.47243,251629752.0865094
2026-06-01,23921.09184,1723958338.6828775,4237773.0,11600.30396,835109172.1168073
2026-06-02,32858.19586,2253348577.983128,6250677.0,15675.4915,1074442481.8457325
2026-06-03,30138.3065,1998349981.892944,6676358.0,14567.29572,967367597.547366
2026-06-04,43577.17571,2759349733.489383,9057976.0,20172.82504,1278141865.0268295
2026-06-05,55027.28807,3379021750.503328,11658856.0,24879.51775,1529682071.4700005
2026-06-06,19795.58877,1202325958.4682336,5000874.0,9473.55921,575481185.8910959
2026-06-07,26612.10443,1656650772.813708,4752461.0,14156.31067,882490717.5764754
2026-06-08,23053.38624,1462563286.7512202,4887564.0,11227.99606,712684502.0653824
2026-06-09,21636.21959,1347322049.1623404,4347332.0,10357.23644,645037339.5456268
2026-06-10,15998.71652,986710883.5893748,4655686.0,7714.59491,475908655.4422775
2026-06-11,17380.94642,1093211866.433885,3446803.0,8975.49366,564559048.5586231
2026-06-12,16397.0524,1042661512.679604,3154052.0,8373.87233,532498396.6271599
2026-06-13,9960.74163,637302050.4867933,1489009.0,5326.34918,340833402.1496999
2026-06-14,13203.03375,853654539.2638302,2060901.0,6966.04602,450843680.3207427
2026-06-15,18559.80102,1230675240.537974,3140494.0,8827.32403,585352821.9493269
2026-06-16,14302.05801,945125184.2518406,2964629.0,6709.60119,443519254.4933606
2026-06-17,19048.65409,1242898548.082235,3933123.0,9344.30808,609795592.7365174
2026-06-18,16935.59661,1076015381.1924088,3573931.0,8148.66252,517693581.0628108
2026-06-19,14247.424,896102952.7753174,2671918.0,6709.20964,421981528.2738967
2026-06-20,9522.10324,607077211.7557423,1970081.0,4669.85879,297796699.6122329
2026-06-21,8034.66333,514862175.7362123,1768294.0,3833.13382,245702909.4202356
2026-06-22,15423.10851,995034557.1563458,3521337.0,7677.53285,495354694.74254
2026-06-23,20222.99292,1268093221.2502334,3626190.0,9113.2674,571633628.7589369
2026-06-24,30678.28543,1871885814.3078947,5367531.0,14451.4544,882414090.5623845
2026-06-25,30386.00694,1822854100.0700867,5683275.0,14406.15352,865169997.7746557
2026-06-26,27403.55723,1636102058.3778124,6019134.0,13907.49037,831252961.0007827
2026-06-27,9587.22916,578765263.0698456,1763416.0,5067.9265,305951190.2586987
2026-06-28,8907.13796,533333220.8111167,2299232.0,4290.64588,257041890.3605781
2026-06-29,20203.14178,1210648237.7440157,4884336.0,10334.16227,619595248.5255269
2026-06-30,19639.82787,1157911191.4893565,3804809.0,8879.55126,523471695.1315744
2026-07-01,25093.44662,1491051306.8189511,4166849.0,12936.11295,769788015.5304813
2026-07-02,21382.14163,1308156569.7200918,3883096.0,11394.85517,697154441.649651
2026-07-03,14048.98627,870359931.5832849,2571531.0,7249.98683,449356592.0794598
2026-07-04,9139.8274,574233846.0826051,1643288.0,4753.53597,298756917.6260528
2026-07-05,9172.07758,577866444.607444,1790183.0,4565.93641,287772291.7213926
2026-07-06,21435.28437,1347956046.4032269,3777895.0,11556.55192,725800060.8885618
2026-07-07,16834.20823,1069267686.8886092,3282102.0,8128.20476,516256287.1583279
2026-07-08,18620.09796,1160087170.620036,3598487.0,8338.57026,519456686.0095176
2026-07-09,16742.80672,1050849813.269484,3176050.0,7922.48357,497503064.9628654
2026-07-10,17589.00122,1126097961.002051,2927425.0,8727.5029,558839184.585073
2026-07-11,9151.97432,587469874.5668087,1406178.0,3908.28562,250875418.8411093
2026-07-12,13914.83703,889938572.3679433,1919605.0,6757.00737,432156662.9830714
2026-07-13,21682.50204,1361096729.9510434,3349712.0,9861.43724,618891429.7354479
2026-07-14,20552.41384,1310854500.6805303,3080945.0,10847.48978,692544328.0713369
2026-07-15,18401.89741,1195648323.7685184,2668919.0,9009.48362,585447811.8448781
2026-07-16,18764.52679,1206498386.3771937,2813481.0,9007.30607,579112000.2267197
2026-07-17,18189.89389,1152546029.3402514,3239296.0,8618.43801,545926712.6785715
2026-07-18,8031.18012,515954648.6863699,1088701.0,4100.21428,263412780.4464787
2026-07-19,8379.91474,541559101.9129946,1464337.0,4281.97001,276728781.2650717
2026-07-20,21323.48702,1379182710.2630444,3606847.0,10104.82668,654547128.9054285
2026-07-21,18618.28087,1232802690.07422,3005241.0,9545.80868,632017323.473231
2026-07-22,18074.86602,1193958918.306832,3381825.0,8854.46937,585011981.671543
2026-07-23,14698.22673,959991207.460394,2557299.0,7036.32429,459602971.0427141
2026-07-24,16821.2718,1086879409.1640515,2467691.0,8133.22286,525535644.0204462
2026-07-25,8863.0503,568282056.0835841,1005338.0,4621.49495,296311657.9259438
2026-07-26,7933.06089,513834097.4623594,1138023.0,4091.47971,265047345.6336755
2026-07-27,14791.90543,961311197.9853868,2921636.0,6694.82928,435156822.3178757
2026-07-28,13889.82996,881901504.4936239,2679943.0,7070.0283,449032421.8585752
2026-07-29,16780.11912,1075624907.649938,3615294.0,8931.61763,572491996.7819498
2026-07-30,17131.58486,1104856756.9244137,3246691.0,8996.1922,580226535.0264105
2026-07-31,20475.60686,1302023180.8966825,2740238.0,9659.56143,614195527.41951
2026-08-01,7563.08904,475812069.762356,831983.0,3772.23898,237336841.6640661
2026-08-02,8387.01154,531238376.4212737,1286064.0,4566.33112,289282425.1367377
2026-08-03,15543.29743,983698515.9557792,2494364.0,7987.90387,505558159.3952664
2026-08-04,13690.47909,875057683.2964723,2388039.0,7360.46366,470519870.7085892
2026-08-05,12742.85528,820929974.2552497,2402227.0,6522.4825,420180741.6088497
2026-08-06,9864.43284,637366646.7167077,2087951.0,4666.15261,301530716.3868418
2026-08-07,11807.40403,765604113.5355588,2283383.0,5639.26621,365759790.1203475
2026-08-08,5760.14298,374451358.8306199,540447.0,2810.00611,182668411.3986909
2026-08-09,7031.23606,457366207.4042235,803981.0,3207.32922,208616902.9342642
2026-08-10,13638.40877,880502559.6531125,2054347.0,6946.62767,448395344.7226997
2026-08-11,12891.63248,823992195.6659181,1660517.0,6363.01318,406580591.5259673
2026-08-12,13627.06822,868963134.2285606,1990499.0,6993.82626,445813941.0426421
2026-08-13,10793.85853,685844694.2494848,2078777.0,5588.30192,355148234.4393867
2026-08-14,12340.82899,777408844.7057977,2184530.0,6678.27723,420633226.2480767
2026-08-15,5405.16038,340890632.3578836,540313.0,3110.52011,196180469.5007457
2026-08-16,4737.23135,298698048.5551315,640294.0,2498.03555,157497828.2699657
2026-08-17,14255.64713,909366051.0685228,2111256.0,7186.91098,458508023.194642
2026-08-18,11789.91312,759405329.8294215,1608019.0,5759.24912,370988128.6330525
2026-08-19,29054.29976,1954769139.093191,4160596.0,15646.86527,1052899268.5579412
2026-08-20,35904.79287,2562053707.6099834,6249114.0,18144.94133,1294796740.9911458
2026-08-21,44339.56568,3401672760.033361,8928944.0,23033.87661,1766188726.3315833
2026-08-22,18524.50847,1433768388.597238,3950045.0,9413.19226,728650560.2990965
2026-08-23,15367.23185,1182628276.059433,3627829.0,8207.35031,631901958.2357515
2026-08-24,30179.29391,2367960844.302849,6334409.0,15033.99548,1180076077.8827236
2026-08-25,24772.51394,1972170530.2745976,6360202.0,12633.43254,1006294174.8546948
2026-08-26,14613.75887,1148236055.8792386,4284527.0,7299.27224,573666484.0995499
2026-08-27,16265.53695,1297370375.4734786,4932285.0,7358.50047,587134078.7652943
2026-08-28,19756.43646,1560927602.278941,4822157.0,9300.40971,735228439.3010563
2026-08-29,7016.30257,545867984.8485777,1519886.0,3594.89663,279676173.8716926
2026-08-30,9085.42405,712506539.5644648,2404922.0,4314.34369,338432867.3465111
2026-08-31,15303.90602,1198158182.2374198,4354737.0,8150.6351,638244851.3576219
2026-09-01,14130.63949,1101387276.6513293,3662805.0,7128.14511,555981558.2293556
2026-09-02,13070.9782,1008333112.5875232,3312492.0,6647.38296,512773293.6938087
2026-09-03,19806.42247,1579639079.847165,4460645.0,10841.35467,864605005.483599
2026-09-04,19198.62549,1538393292.4845457,3417900.0,9282.35949,744028777.5245363
2026-09-05,9117.2402,727162100.1671113,1276050.0,4255.28225,339348475.7074201
2026-09-06,8854.81827,707422224.4650549,1658245.0,4212.19077,336600182.6495108
2026-09-07,10572.45495,839882674.5423373,2464603.0,5180.15668,411563607.5057085
2026-09-08,19235.06605,1510077235.7348557,4339646.0,8541.11569,670838741.1666515
2026-09-09,14129.92027,1114730666.1522026,3338369.0,6620.08219,522307227.4491611
2026-09-10,15320.36904,1188117943.7720196,3080707.0,6426.97352,498398012.0404819
2026-09-11,19713.27729,1528809492.0993094,3614263.0,9852.15345,764153169.8181027
